Index,Title,Rating
15,Showtime Championship Boxing: Lopez vs. Salido (R),
16,Showtime Championship Boxing: Wilder vs. Molina,
17,America's Book of Secrets,6.7
18,Beyond Oak Island,6.3
19,Beyond Scared Straight,7.3
10,The Real Queens of Hip-Hop: The Women Who Changed the Game,5.6
11,Dream Horse,6.9
12,Out of the Shadows: The Man Behind the Steele Dossier,5.5
13,Wakefield,6.3
14,Home Sweet Home,7.3
0,Ricky Velez: Here's Everything,6.5
1,Silent Night,5.3
2,The Marksman,5.7
3,Gaia,5.6
4,Settlers,4.8
5,The Halloween Candy Magic Pet,
6,The Evil Next Door,5.7
7,The Next Thing You Eat,7.1
8,Queens,7.1
9,The Bachelorette,3.5
20,Cheer Camp Killer,4.7
21,Hoarders,6.5
22,Little Women: Atlanta,5.5
23,Marrying Millions,5.3
24,Nightwatch,7.2
25,Seven Year Switch,5.5
26,Sleepwalker,5.1
27,Swamp People,6.2
28,Unsolved,7.3
29,Acapulco Shore,3.4
30,Catfish México,6.7
31,Censor,6.0
32,Dani Who?,6.9
33,La Culpa es de Cortés,7.3
34,Out of Death,3.3
35,The Real Housewives of Orange County,4.3
36,Why Not Us,
37,BELLATOR MMA: Kongo vs. Johnson 2,
38,CHIPS,6.4
39,Dopesick,8.6
40,In the Crease,8.3
41,"Champaign, Ill",7.2
42,The Loneliest Whale: The Search for 52,6.5
43,Gunda,7.1
44,Buried,7.0
45,Demon Slayer Kimetsu No Yaiba,
46,G.I. Joe: Retaliation,5.7
47,Rogue Hostage,3.5
48,Roots Less Traveled,8.4
49,Shark Tank,7.7
55,FIFA World Cup 2022 Qualifying,
56,BELLATOR MMA 257: Nemkov vs. Davis 2 (R),
57,BELLATOR MMA: Davis vs. Nemkov,
58,Castle,8.1
59,The Hills Presents: Speidi's Wedding Unveiled,5.4
60,America's Funniest Home Videos,6.2
61,Maggie's Plan,6.2
62,The Bradshaw Bunch,6.0
63,The Program,6.5
64,Unfaithful,6.7
50,Yashahime: Princess Half-Demon,7.0
51,General Hospital,6.6
52,Jacinta,7.5
53,ABC News Live Prime with Linsey Davis,
54,Baker's Dozen,7.4
70,The Most Magical Story On Earth: 50 Years of Walt Disney World,7.3
71,A.I.: Artificial Intelligence,7.2
72,Air Force One,6.5
73,Ali,
74,Asylum,6.1
65,Finding Your Feet,6.8
66,Pacific Airshow,
67,Saturday Night Live,8.0
68,College Swimming & Diving,
69,Men's College Hockey,
75,Big Sky,6.8
76,Bite Size Halloween,6.0
77,Blippi's Spooky Spell Halloween,
78,Boxcar Bertha,6.0
79,Cake,7.3
10,The Real Queens of Hip-Hop: The Women Who Changed the Game,5.6
11,Dream Horse,6.9
12,Out of the Shadows: The Man Behind the Steele Dossier,5.5
13,Wakefield,6.3
14,Home Sweet Home,7.3
15,Showtime Championship Boxing: Lopez vs. Salido (R),
16,Showtime Championship Boxing: Wilder vs. Molina,
17,America's Book of Secrets,6.7
18,Beyond Oak Island,6.3
19,Beyond Scared Straight,7.3
0,Ricky Velez: Here's Everything,6.5
1,Silent Night,5.3
2,The Marksman,5.7
3,Gaia,5.6
4,Settlers,4.8
5,The Halloween Candy Magic Pet,
6,The Evil Next Door,5.7
7,The Next Thing You Eat,7.1
8,Queens,7.1
9,The Bachelorette,3.5
30,Catfish México,6.7
31,Censor,6.0
32,Dani Who?,6.9
33,La Culpa es de Cortés,7.3
34,Out of Death,3.3
25,Seven Year Switch,5.5
26,Sleepwalker,5.1
27,Swamp People,6.2
28,Unsolved,7.3
29,Acapulco Shore,3.4
20,Cheer Camp Killer,4.7
21,Hoarders,6.5
22,Little Women: Atlanta,5.5
23,Marrying Millions,5.3
24,Nightwatch,7.2
35,The Real Housewives of Orange County,4.3
36,Why Not Us,
37,BELLATOR MMA: Kongo vs. Johnson 2,
38,CHIPS,6.4
39,Dopesick,8.6
40,In the Crease,8.3
41,"Champaign, Ill",7.2
42,The Loneliest Whale: The Search for 52,6.5
43,Gunda,7.1
44,Buried,7.0
45,Demon Slayer Kimetsu No Yaiba,
46,G.I. Joe: Retaliation,5.7
47,Rogue Hostage,3.5
48,Roots Less Traveled,8.4
49,Shark Tank,7.7
50,Yashahime: Princess Half-Demon,7.0
51,General Hospital,6.6
52,Jacinta,7.5
53,ABC News Live Prime with Linsey Davis,
54,Baker's Dozen,7.4
55,FIFA World Cup 2022 Qualifying,
56,BELLATOR MMA 257: Nemkov vs. Davis 2 (R),
57,BELLATOR MMA: Davis vs. Nemkov,
58,Castle,8.1
59,The Hills Presents: Speidi's Wedding Unveiled,5.4
60,America's Funniest Home Videos,6.2
61,Maggie's Plan,6.2
62,The Bradshaw Bunch,6.0
63,The Program,6.5
64,Unfaithful,6.7
65,Finding Your Feet,6.8
66,Pacific Airshow,
67,Saturday Night Live,8.0
68,College Swimming & Diving,
69,Men's College Hockey,
70,The Most Magical Story On Earth: 50 Years of Walt Disney World,7.3
71,A.I.: Artificial Intelligence,7.2
72,Air Force One,6.5
73,Ali,
74,Asylum,6.1
75,Big Sky,6.8
76,Bite Size Halloween,6.0
77,Blippi's Spooky Spell Halloween,
78,Boxcar Bertha,6.0
79,Cake,7.3
80,Cedar Rapids,6.3
81,Chasing Papi,4.8
82,Class,6.0
83,Clifford,5.5
84,Clockstoppers,5.2
85,Code 46,6.1
86,Crimson Tide,7.3
87,Date Night Extended Version,8.5
88,Dead of Winter,6.2
89,Diary of a Wimpy Kid: Rodrick Rules,6.6
90,"Double, Double, Toil and Trouble",5.8
91,Dr. No,7.2
92,Edge of the World,5.4
93,Escape from Alcatraz,7.6
94,Exorcist: The Beginning,5.1
95,Flatliners,6.5
96,From Russia With Love,7.3
97,GoldenEye,7.2
98,Goldfinger,7.7
99,Happy Feet,6.4
100,Happy Feet Two,5.8
101,House of Games,7.2
102,Intersection,5.4
103,License to Kill,5.5
104,Light It Up,6.0
105,Lost In Space,7.3
106,Mad Max,7.6
107,Madhouse,6.2
108,Maze,6.8
109,My Best Friend's Wedding,6.3
110,Peeples,5.4
111,Queen of the Damned,5.3
112,Racing With the Moon,6.6
113,Remo Williams: The Adventure Begins,6.4
114,Resident Evil: Retribution,5.3
115,Rushmore,7.6
116,SCB: Calzaghe vs. Lacy,
117,Signs,6.8
118,Sleepless in Seattle,6.8
119,Snatch,8.2
120,Species,5.9
121,Species II,4.5
122,Species III,4.2
123,Species: The Awakening,3.9
124,Star Trek II: The Wrath of Khan,7.7
125,Star Trek III: The Search for Spock,6.6
126,Star Trek IV: The Voyage Home,7.3
127,Star Trek V: The Final Frontier,5.5
128,Star Trek VI: The Undiscovered Country,7.2
129,Star Trek VIII: First Contact,7.6
130,Star Trek: Generations,6.6
131,Star Trek: Insurrection,6.4
132,Star Trek: Nemesis,6.4
133,Star Trek: The Motion Picture,6.4
134,Station 19,7.0
135,Sweet Home Alabama,6.2
136,Sweet Land,7.1
137,The Extreme Adventures of Super Dave,4.2
138,The Holiday,6.9
139,The Hunger Games,7.2
140,The Hunger Games: Catching Fire,7.5
141,"The Hunger Games: Mockingjay, Part 1",6.6
142,"The Hunger Games: Mockingjay, Part 2",6.6
143,The Mask of Zorro,6.8
144,The O.C.,7.6
145,The Perfect Holiday,4.8
146,The Recruit,7.4
147,The Rocky Horror Picture Show,7.4
148,The Saint,7.5
149,The Spy Who Loved Me,7.0
150,The Taking of Pelham 1 2 3,7.6
151,The Untouchables,7.8
152,The Village,6.6
153,The Vow,6.8
154,Theater of Blood,7.1
155,Total Recall,7.5
156,Unforgettable,6.8
157,Victor Frankenstein,5.9
158,Waitress,7.0
159,When A Man Loves A Woman,6.5
160,Within,4.7
161,Wolves at the Door,4.5
162,Wrong Turn 2: Dead End,5.5
163,American Dad!,7.4
164,BuzzFeed Unsolved: True Crime,8.7
165,Entre Hombres,6.9
166,L.A. Rams Cheerleaders: Making the Squad,
167,True Crime: The Murder of Monica Leech,7.4
168,Minor Premise,5.1
169,Year of Extremes,
170,9-1-1,7.9
171,Felix and the Hidden Treasure,
172,Wild Crime,7.3
173,Bob's Burgers,8.2
174,Family Guy,8.1
175,Nuclear Family,5.0
176,The Great North,6.8
177,The Rookie,8.0
178,The Simpsons,8.7
179,BMF,7.4
185,Trolls: TrollsTopía,6.0
186,Alter Ego,6.7
187,El Árbol Familiar de los Croods,6.7
188,Funhouse,5.2
189,Home Economics,6.9
180,SEC Storied,7.6
181,Gemini,5.7
182,Law & Order: Special Victims Unit,8.1
183,The Eric Andre Show,8.6
184,This World Alone,5.2
190,The Conners,5.8
191,The Croods: Family Tree,6.8
192,The Goldbergs,8.0
193,The Masked Singer,5.8
194,The Wonder Years,8.4
205,America Strong,
206,Dark Side of Football,6.6
207,Women's College Hockey,
208,Madagascar: Algo Salvaje,6.0
209,Soul of a Nation Presents: Corazón de América -- Celebrating Hispanic Culture,
200,Will & Grace,7.4
201,Grown Ups,6.0
202,Mom,7.4
203,To Tell the Truth,6.5
204,UFC Embedded,8.1
210,Divorce Court,4.5
211,On Chesil Beach,6.3
212,Riders of Justice,7.5
213,Stalker,8.1
214,All About Nina,6.2
215,Chuck's World,7.3
216,Dark Side of the Ring,8.7
217,"Gilberto Santa Rosa, 40…y Contando",
218,Hitman: Agent 47,5.7
219,Joseph: King of Dreams,6.5
220,Killer Cases,7.3
221,Level Playing Field,6.8
222,Los Croods 2: Una Nueva Era,6.9
223,"Love, Simon",7.5
224,Maze Runner: The Death Cure,6.3
225,"Santana - Corazón: Live From Mexico, Live It to Believe It",7.9
226,Thalía 'Viva Tour' (En Vivo),7.8
227,The King Stays King,
228,"Yandel: Legacy, De Lider a Leyenda Tour",
229,The Big Leap,7.6
195,GMA3: What You Need to Know,5.0
196,Dancing With the Stars,4.9
197,Jimmy Kimmel Live,6.5
198,Late Night With Seth Meyers,6.3
199,The Tonight Show Starring Jimmy Fallon,7.1
230,Colette,6.7
231,John Bronco Rides Again,6.7
232,Y: The Last Man,6.0
233,Fruits Basket (2019),8.6
234,High Ground,6.5
235,Detainee 001,6.3
236,Holey Moley,7.2
237,Project Bakeover,8.1
238,Salvage Kings,7.8
239,Transporter 3,6.1
240,Worst to First,6.9
241,More Than An Athlete,6.4
242,Our Time: UCF Football,
243,Women of 9/11: A Special Edition of 20/20 With Robin Roberts,
244,La La Land,8.0
245,Wu-Tang: An American Saga,8.3
246,9/11 20 Years Later: Women of Resilience,
247,9/11 Twenty Years Later: The Longest Shadow,
248,Dish Nation,3.6
249,Logan,8.1
250,SportsCenter,8.1
251,Eyewitness to 9/11: Behind the Lens,
252,Men's College Water Polo,
253,Bolden,5.5
254,CMA Summer Jam,
260,Made By Her: Monumental Women,
261,SMU Football: The Hilltop,
262,The Unthinkable,6.0
263,Trolls: TrollsTopia,6.0
264,Blue City,4.4
255,The D'Amelio Show,2.8
256,Undine,6.6
257,About Endlessness,6.8
258,Death in Texas,5.6
259,Locked Up Abroad,8.1
265,Cold Creek Manor,5.0
266,Crazy Heart,7.2
267,Edward Scissorhands,7.9
268,El Dorado,7.5
269,Election,7.2
270,Eli’s Places,7.9
271,Free Willy,6.0
272,Free Willy 2: The Adventure Home,5.1
273,Free Willy 3: The Rescue,4.7
274,Free Willy: Escape From Pirate's Cove,5.0
280,I Spit on Your Grave,6.2
281,I Spit On Your Grave 2,5.7
282,I Spit on Your Grave 3,6.2
283,Internal Affairs,6.5
284,Kiss The Girls,6.6
275,"Friday The 13th, Part III",5.6
276,Friday the 13th: The Final Chapter,6.0
277,Gattaca,7.7
278,Girls! Girls! Girls!,8.2
279,Hoosiers,7.4
285,McLintock! (Producer's Cut),
286,Miss You Already,6.8
287,Mommy,8.0
288,Much Ado About Nothing,7.3
289,New Year's Eve,5.6
290,Phase IV,6.4
291,Priest,5.7
292,PRO14 Rugby,
293,Road to Perdition,7.7
294,Shaun the Sheep Movie,7.3
295,Slumdog Millionaire,8.0
296,Solace,6.4
297,Stephen King's It,6.8
298,Sucker Punch,6.1
299,Tears of the Sun,6.6
300,That One Word: Feyenoord,7.9
301,The Apparition,4.1
302,The Glass House,5.8
303,The Interview,7.3
304,The Last Castle,6.9
305,The Manchurian Candidate,6.6
306,The Mexican,6.1
307,The Possession,5.9
308,The Tenant,7.6
309,The Wedding Plan,5.3
315,9/11: One Day in America,9.3
316,Are you the one? El match perfecto,
317,Catfish Colombia,
318,Drunk History Argentina,
319,Spell,5.5
310,The X-Files: Fight the Future,7.7
311,Vantage Point,6.6
312,Volcano,5.5
313,"Final Hours, America’s Longest War",
314,Only Murders in the Building,8.1
320,Super Shore,5.1
321,Trigger Point,6.6
322,Wipeout,6.6
323,Earth Odyssey with Dylan Dreyer,8.4
324,Horizon Line,4.8
325,Four Good Days,6.6
326,Chaos Walking,5.7
327,College Field Hockey,
328,In the Earth,5.1
329,American Horror Story,8.0
335,La Culpa es de Colón,2.9
336,La Culpa es de Colón: Edición Mujeres,2.9
337,La Culpa es de Cortés: Edición Mujeres,7.3
338,La Culpa es de Llorente,7.2
339,The Ultimate Surfer,6.3
330,Archer,8.6
331,Disobedience,6.6
332,Feral State,4.7
333,Love and Monsters,6.9
334,Comedy Central Presenta,
340,NYC Epicenters 9/11→2021½,7.4
341,The Unusual Suspects,6.9
342,Celebrity Wife Swap,4.4
343,Gossip,7.5
344,The Tick,7.4
345,Wife Swap,4.6
346,We Broke Up,5.1
347,Blast Beat,5.2
348,Bettor Days,7.8
349,Unsane,6.4
350,Bachelor in Paradise,5.4
351,Men's College Soccer,
352,Heels,8.0
353,The Hate U Give,7.5
354,Army Wives,7.5
355,Eredivisie Soccer,
356,Women's College Volleyball,
357,Brooklyn Nine-Nine,8.4
358,Dream Corp LLC,7.2
359,The Emoji Story,5.9
360,The Real Housewives of Salt Lake City,6.5
361,"Heartbreak Hotel: Flight 800, 25 Years Later",
362,Held,5.3
363,Homeroom,6.7
364,Queen Sugar,7.8
375,Women's College Soccer,
376,English Championship Soccer,
377,Madagascar: A Little Wild,6.0
378,Texas: Spirit and Soul,
379,Obama: In Pursuit of a More Perfect Union,6.7
365,Superstar,5.2
366,The Force,7.8
367,The Virtuoso,5.0
368,The Waiting Room,6.3
369,Fantasy Island,4.9
370,Secrets of the Morgue,8.3
371,The Fantasy Show,
372,The FBI Files,7.9
373,Reservation Dogs,8.3
374,UFO,7.9
380,The Devil You Know,5.3
381,Fear the Walking Dead,6.8
382,Fear the Walking Dead en Español,6.8
383,Small Town News: KPVM Pahrump,6.7
384,21,6.8
385,30 Days of Night,6.6
386,30 Minutes or Less,6.1
387,Alpha and Omega,5.1
388,Are We There Yet?,4.8
389,Attack the Block,6.7
390,Black Swan,8.0
391,Every Breath You Take,6.4
392,First Knight,6.0
393,Freelancers,4.7
394,French Postcards,5.8
395,From Prada to Nada,5.5
396,Gulliver's Travels,4.9
397,Gunfight at the O.K. Corral,7.1
398,Hamilton's Pharmacopeia,8.8
399,Impossible Builds,7.4
400,Jack and Jill,3.3
401,Kingpin,6.9
402,Mirror Mirror,8.7
403,Mud,7.4
404,My Bloody Valentine,5.4
405,Saints & Sinners,6.3
406,Shane,7.6
407,Shark Tale,6.0
408,Some Kind of Wonderful,7.0
409,The Baby-Sitters Club,7.5
410,The Final Girls,6.5
411,The Hot Chick,5.6
412,The Hunter,
413,The Pier,7.1
414,The Rifleman,8.3
415,The Sons of Katie Elder,7.1
416,The Thin Red Line,7.6
417,The Vatican Tapes,4.7
418,Toy Soldiers,6.6
419,Transcendence,6.2
420,Under the Tuscan Sun,6.7
421,Watchmen,7.6
422,Chasing Trane: The John Coltrane Documentary,7.3
423,The Resort,7.4
424,Best Summer Ever,5.2
425,Celebrity Family Feud,6.4
426,The Artist,7.9
427,The Good Traitor,6.3
428,Blue Origin: Civilians in Space,
429,100 Foot Wave,8.1
430,The Last Dance,
431,Power Book III: Raising Kanan,7.7
432,The Deceived,5.9
433,WWE Friday Night SmackDown,6.3
434,Los intrépidos,7.3
435,"McCartney 3, 2, 1",
436,"20,000 Days on Earth",7.4
437,A Field in England,6.2
438,American Horror Stories,6.3
439,Amira & Sam,6.2
440,Borgman,6.7
441,Bullhead,7.3
442,Cheap Thrills,6.7
443,Enforcement,6.5
444,Exit Plan,5.1
445,I Declare War,6.0
446,Mood Indigo,6.5
447,Pieta,7.1
448,Raiders!: The Story of the Greatest Fan Film Ever Made,6.9
449,Sonny Boy,7.6
450,The Act of Killing,8.2
451,The Complex: Lockdown,4.1
452,The Congress,6.4
453,The Connection,7.7
454,The Final Member,6.5
455,The FP,5.4
456,The Keeping Room,6.0
457,Backyard Builds,8.2
458,Cleopatra en el Espacio,7.1
459,Cleopatra in Space,6.8
460,College Football,7.2
461,Save My Reno,7.8
462,Love Island (UK),5.3
463,47 Meters Down,5.6
464,Entre Nos Presents: Frankie Quiñones: Superhomies,
465,UFC 264,7.2
466,Barb and Star Go to Vista Del Mar,6.3
467,Detail: Daniel Cormier,
468,Grown-ish,6.5
469,In a World...,6.6
470,"Pete Lee: Tall, Dark, and Pleasant",7.2
471,This Way Up,7.8
472,Blippi's Summer Games,
473,Murdoch Mysteries,8.2
474,My Wife and Kids,6.9
475,Papillon,8.0
476,Red Penguins,6.8
477,Home to Win,6.6
478,Love & Service: The Carter Story,
479,Dreamcatcher,5.5
480,Flower of Evil,8.6
481,How a Realist Hero Rebuilt the Kingdom,7.2
482,I'll Go to You When the Weather is Nice,7.7
483,More Than Friends,6.6
484,Bill & Ted Face the Music,5.9
485,Born a Champion,6.8
486,Dark Web: Cicada 3301,5.0
487,Fear of Rain,5.9
488,Silk Road,6.0
489,Summer of Soul,8.0
495,78/52: Hitchcock's Shower Scene,
496,Almost Human,7.9
497,Alpha and Omega 4: The Legend of the Saw Toothed Cave,5.1
498,American Gun,6.1
499,An Acceptable Loss,5.5
490,The Case Study of Vanitas,7.6
491,The Right One,7.8
492,127 Hours,7.5
493,28 Weeks Later,6.9
494,68 Kill,6.0
500,Band Aid,6.6
501,"Beats, Rhymes & Life: The Travels of A Tribe Called Quest",7.6
502,Best of Cheddar,
503,Big Fish,8.0
504,Bitter Harvest,5.9
505,Bohemian Rhapsody,7.9
506,Candyman 3: Day of the Dead,
507,Carnage Park,4.9
508,Chaplin,7.5
509,Chuck,8.2
510,Citizen Jane: Battle for the City,7.0
511,Coyote Ugly,5.7
512,Dealin' With Idiots,5.4
513,Dealt,7.5
514,Dear White People,6.4
515,Donnybrook,5.4
516,Elaine Stritch: Shoot Me,7.5
517,Enemy At The Gates,7.5
518,Factotum,6.6
519,Frank Serpico,6.9
520,Frankenstein and the Monster from Hell,6.3
521,Free to Run,7.3
522,Gimme The Loot,6.6
523,Graduation,7.4
524,Hellions,4.2
525,Higurashi: When They Cry - NEW,6.8
526,I Remember You,7.7
527,Intermission,6.8
528,Last Days Here,7.5
529,Let's Be Evil,3.8
535,Personal Shopper,6.1
536,Pikwik Pack en Español,
537,Rabid Dogs,7.4
538,RuPaul's Drag Race,8.6
539,Shelley,5.3
530,Mercury Rising,6.1
531,Ode to Joy,6.4
532,Open Water,5.8
533,Open Water 2: Adrift,5.2
534,Passage to Mars,6.8
540,Sightseers,6.5
541,Stonewall,5.3
542,Stray,7.8
543,Sweet Virginia,6.2
544,Take Every Wave: The Life of Laird Hamilton,7.4
545,Take Shelter,7.3
546,The Angel's Share,
547,The Conversation,7.7
548,The Face of Love,6.2
549,The Feels,5.1
555,They Came Together,5.6
556,Timeline,5.6
557,Tooth Fairy,5.0
558,Twisted,7.3
559,Underworld,7.0
550,The Gift,7.0
551,The Girl With the Dragon Tattoo,7.8
552,The Mighty Ones,6.6
553,The New Detectives,7.8
554,The Unknown Girl,6.5
560,Underworld Awakening,6.3
561,Underworld: Evolution,6.7
562,Underworld: Rise Of The Lycans,6.5
563,Big Food Bucket List,7.4
564,Escape to Alcatraz,7.6
565,Hansel & Gretel: Witch Hunters,6.1
566,Jack Reacher,7.0
567,On The Red Carpet,6.0
568,Texas True Crime,
569,TMZ Investigates: UFOs: The Pentagon Proof,7.7
570,Wall of Chefs,7.0
571,Bratz: The Movie,4.1
572,Harvie and the Magic Museum,4.1
573,Tulsa Burning: The 1921 Race Massacre,7.2
574,Safer at Home,3.8
575,The Choe Show,8.4
576,False Positive,4.6
577,Junior Chef Showdown,8.0
578,The Chris Rock Show,6.9
579,When Nature Calls With Helen Mirren,7.2
580,Elvis Presley: The Searcher,7.7
581,Battle Over Britney: The Conservatorship Hearing,5.4
582,Capital One: College Bowl,6.6
583,Motherland: Fort Salem,7.3
584,Monster Trucks,5.7
585,Blood on the Wall,6.2
586,Cutthroat Kitchen,7.3
587,Family Home Overhaul,8.9
588,Farmhouse Facelift,8.0
589,Hot Market,7.6
590,Switched at Birth,7.7
591,Worst Cooks in America,6.3
592,The Guilt Trip,5.8
593,Juneteenth: Together We Triumph -- A Soul of a Nation Special Event,
594,Rise Again: Tulsa and the Red Summer,7.0
600,Phobias,3.6
601,Accused: Guilty or Innocent?,8.2
602,Alone,8.4
603,Alone: The Beast,5.5
604,America: Our Defining Hours,6.8
595,The Doorman,4.7
596,The Hustler,8.0
597,ABC Nightline,5.8
598,DAVE,6.9
599,Jóvenes y Rebeldes,8.8
605,Born to Play,7.1
606,Dance Moms,4.7
607,Duck Dynasty,6.2
608,Forged in Fire,8.2
609,Gone Girl,8.1
610,Her Deadly Sugar Daddy,4.2
611,Her Name Is Chef,6.2
612,Married at First Sight,6.2
613,Michael Smerconish: Things I Wish I Knew Before I Started Talking,
614,Mountain Men,7.3
615,Nasrin,8.2
616,The Celebrity Dating Game,2.9
617,The Obituary of Tunde Johnson,5.7
618,Rūrangi,7.0
619,The Housewife and the Hustler,6.3
620,Blindspotting,6.6
621,Willy's Wonderland,5.5
622,UFC 263,7.1
623,Come True,6.0
624,"Love, Victor",8.0
625,Pride on ABC News Live,
626,The Real Housewives of Potomac,5.5
627,The Real Rebel: The Erin Brockovich Story,7.3
628,House Rules,7.4
629,MasterChef,7.2
630,Sarah Beeny's Renovate Don't Relocate,7.0
631,The Great House Revival,
632,Trust,6.9
633,Two of Us,7.2
634,Lego Masters,7.5
640,The Insider: Reggie Yates,7.4
641,Tom Kerridge's American Feast,
642,Little Birds,5.9
643,The Kings,7.1
644,Juan Luis Guerra 4.40: Entre Mar y Palmeras,8.8
635,The Croods: A New Age,6.9
636,Hell's Kitchen,7.2
637,Killer Women with Piers Morgan,6.6
638,The American Royal Baby,5.4
639,The Chase,6.8
645,Quest for the Stanley Cup,8.6
646,A Glitch in the Matrix,5.3
647,Night of the Kings,
648,America's Got Talent,5.8
649,E60,
650,American Ninja Warrior,6.8
651,Bloody Sunday,7.6
652,Changing the Game,6.4
653,Drag SOS,8.5
654,Fun in Acapulco,5.8
655,Hanging Up,4.8
656,HouseBroken,6.4
657,Hud,7.8
658,Inside Missguided,5.0
659,Into,8.1
660,Last Chance Harvey,6.6
661,Revolutionary Road,7.3
662,Rules Of Engagement,7.4
663,Savage State,5.1
664,Sex Party 101,5.6
665,Silence,8.6
666,Switchback,6.4
667,The Adventures of Tintin: The Secret of the Unicorn,6.8
668,The Cookout,3.8
669,The Love Letter,5.5
670,The Time Machine,6.0
671,To Die For,6.8
672,Walking Tall,6.3
673,Wayne's World 2,6.2
674,Young Adult,6.3
675,Duncanville,6.3
676,The Donut King,7.1
677,The World to Come,6.4
678,Lavell Crawford: The Comedy Vaccine,5.3
679,My 600-lb Life,6.7
680,The Vigil,5.8
681,Unusual Suspects,7.5
682,Unusual Suspects: Deadly Intent,7.7
683,Crime Scene Kitchen,7.6
684,Narco Wars,8.4
690,Mike Tyson: The Knockout,8.0
691,Mr Inbetween,8.7
692,Baewatch: Parental Guidance,
693,Escape from the City,8.0
694,The Farmer Wants A Wife,4.6
695,The Ultimate Fighter,7.8
696,Vanguard,4.7
697,Flatbush Misdemeanors,6.8
698,Marvel's M.O.D.O.K.,6.4
699,Red Dawn,6.3
685,Press Your Luck,6.5
686,"The $100,000 Pyramid",6.3
687,The Bachelor,3.2
688,The Bold Type,7.8
689,After Floyd: The Year that Shook the World,
700,Tulsa's Buried Truth,
701,My Little Pony: Pony Life en Español,5.0
702,Supernova,6.9
703,Supernova en Español,
704,Death and Nightingales,6.4
705,A Perfect Ending,5.6
706,ABC News Live Honors Asian Pacific American Heritage Month: Bridging Generations,
707,Cowboys,6.0
708,Galacticos,6.9
709,Good Kisser,4.4
710,LaLiga Center,
711,LaLiga Top Moments,
712,Mosquita y Mari,6.3
713,Pride,7.8
714,Reaching for the Moon,5.4
715,The Mountain Between Us,6.4
716,Tru Love,6.5
717,UFC 262,7.3
718,United States of LaLiga,
719,MLK/FBI,7.0
720,Saint Maud,6.7
721,Some Kind of Heaven,7.2
722,The Crime of the Century,8.1
723,Robot & Frank,7.0
724,Little Fish,6.9
725,Eyewitness to a Pandemic,5.9
726,Looking For Lady Day,7.4
727,"Total Recall(ed): The Story of America's Largest, Wildest Recall Election",
728,Shadow in the Cloud,5.0
729,Skyfall,7.8
730,Deadly Women,7.9
731,Homicide Hunter,8.7
732,Love Sarah,6.1
733,Naked and Afraid,6.6
734,Pikwik Pack,8.5
735,The Legend of Baron To'a,6.4
736,Flight,7.3
737,An Elephant's Journey,5.1
738,Are You the One?,6.6
739,Bad Girls Club,5.0
740,Blast From the Past,6.7
741,Blind Date,5.9
742,Blue Chips,6.3
743,Bound,7.3
744,Dating: No Filter,6.8
745,Dr. Bird's Advice for Sad Poets,6.0
746,Grudge Match,6.4
747,I Am Cait,3.6
748,I Love You Phillip Morris,6.6
749,Junior,4.7
750,Married to Medicine,5.8
751,Resident Evil: Apocalypse,6.1
752,Resident Evil: Extinction,6.2
753,Shahs of Sunset,4.9
754,Texicanas,5.6
760,The Night,7.5
761,Presidential Address to Congress and the Nation and the Republican Response,
762,Arrival,7.9
763,The Handmaid's Tale,8.4
764,Sesame Street: 50 Years of Sunny Days,6.7
755,The Age of Adaline,7.2
756,The Indian in the Cupboard,6.0
757,The Jackal,6.4
758,We Were Soldiers,7.2
759,The Judge,7.4
765,Exposure,8.4
766,Una Familia Moderna,8.5
767,Wild Mountain Thyme,5.7
768,UFC 261: Early Prelims and Prelims,7.4
769,Billie,6.6
775,Memories of Murder,8.1
776,More in Common,
777,Sasquatch,5.5
778,Set the Record Straight: The Jam Master Jay Case,7.2
779,The Lynching of Henry ‘Peg’ Gilbert,
770,Better Days,7.6
771,Breaking Fast,6.7
772,Greta Thunberg: A Year to Change the World,5.5
773,Cruel Summer,7.4
774,It's Not Too Late: Earth Day Special,
780,Confronting a Serial Killer,6.0
781,Modern Persuasion,4.9
782,Sister of the Groom,4.7
783,The New Electric Company,8.1
784,Celebrity Best Home Cook,8.4
785,Fly Like a Girl,7.8
786,Songbird,4.8
787,Deep in Vogue,6.4
788,The Life And Legend Of Wyatt Earp,7.6
789,The Real Housewives of Beverly Hills,5.5
795,Cleveland Clinic: A Century of Care,
796,Paranormal Activity 4,4.6
797,Spontaneous,6.5
798,ABC This Week,8.8
799,ABC World News Tonight With David Muir,
790,The State of Texas vs. Melissa,6.0
791,Valley Grown,7.3
792,Younger,7.8
793,The First 100 Days: President Biden Takes Office,
794,The First 100 Days: Rep. Nancy Mace and Rep. Marilyn Strickland,
800,Knuckledust,4.8
801,Everything's Gonna Be Okay,7.4
802,Hope & Desperation: Emergency at the Border,
803,"Quo Vadis, Aida?",8.0
804,Stars Fell on Alabama,5.6
805,The Bridge,7.2
806,The Standard,6.0
807,The World Ends with You: The Animation,
808,A Christmas Hero,4.0
809,Crock of Gold: A Few Rounds With Shane MacGowan,7.7
810,Ip Man: Kung Fu Master,4.6
811,Girl,7.1
812,Malika the Lion Queen,6.9
813,Megalobox,7.8
814,The Masters,7.8
815,Blair Witch,6.5
816,Hysterical,5.3
817,Law & Order: Organized Crime,7.7
818,The Real Housewives of New York City,4.9
819,WeWork: or The Making and Breaking of a $47 Billion Unicorn,
820,28 Days Later,7.5
821,A Hologram for the King,6.1
822,Amy Schumer Learns to Cook,5.5
823,Assume the Position with Mr. Wuhl,8.5
824,Blippi's Great Green Adventure,
825,Caribbean Life,6.8
826,Chappaquiddick,6.4
827,Chopped,7.4
828,Chopped Sweets,6.6
829,"Diners, Drive-Ins and Dives",7.4
830,Extreme Makeover: Home Edition,6.3
831,Guy's Grocery Games,6.7
832,My Little Pony: Pony Life,5.0
833,Naked and Afraid XL,7.3
834,Say Yes to the Dress,5.6
835,Second Act,5.8
836,Shrek 2,7.3
837,Shrek 2 (en Español),
838,Sleeping with the Enemy,6.3
839,So I Married An Axe Murderer,6.5
840,Step Up Revolution,6.4
841,The Black Full Monty,
842,Tournament of Champions,5.7
843,Undercover Billionaire,7.6
844,Unikitty,5.5
845,Vegas Chef Prizefight,6.4
846,Zappa,7.3
847,Juda,6.9
848,ABCNL Prime With Linsey Davis,
849,All of Us,7.7
850,RuPaul's Drag Race All Stars,8.6
851,My Hero Academia,8.3
852,5 Years Apart,5.5
853,Blood Moon,4.6
854,Solar Opposites,8.0
855,The Hurricane Heist,5.1
856,Collective,3.3
857,Shortcut,4.1
858,The Orange Years: The Nickelodeon Story,7.5
859,100% Wolf,5.6
860,Breeders,7.6
861,Genius,8.2
862,Teen Wolf,7.7
863,The Gloaming,6.6
864,Catfish: The TV Show,7.1
865,Hunter Hunter,9.0
866,Odd Man Rush,5.4
867,ABC News Exclusive: President Joe Biden with George Stephanopoulos,
868,TrueSouth,8.9
869,Holmes Family Effect,7.5
875,Another Time,4.6
876,Back in Time,
877,Constructing Albert,7.0
878,Corporate Animals,4.5
879,Crown Vic,6.5
870,Mayans M.C.,7.5
871,America's Most Wanted,7.2
872,Staged,8.5
873,1 Night in San Diego,3.5
874,Another Round,7.7
880,GameStopped,3.9
881,Get Big,6.3
882,Grand Isle,4.7
883,H. H. Holmes: Original Evil,2.0
884,Intersect,3.5
885,Missing 411: The Hunted,7.0
886,Naughty Books,6.1
887,People of Earth,7.7
888,Roadies,7.4
889,Robert the Bruce,5.4
890,Sister Aimee,5.0
891,Terminator: The Sarah Connor Chronicles,7.6
892,The Man Who Killed Don Quixote,6.3
893,The Stand: How One Gesture Shook the World,6.7
894,Blood and Money,7.7
895,Buddy Games,4.8
896,32 Seconds: A Deadly Night in Rome,
897,Farewell Amor,6.9
898,I Met a Girl,6.1
899,Kid 90,6.8
900,Black Death,6.4
901,Game of Talents,4.9
902,My So-Called Life,8.4
903,The Split,7.9
904,Heartland,8.5
905,Absolutely Ascot,6.9
906,Dress to Impress,6.0
907,Felicity,6.9
908,Bart & Hahn,
909,Blossom,6.1
910,Good Girls,7.7
911,GREENY,4.8
912,Jorge Ramos y su Banda,
913,Shipwrecked 2019,
914,Stephen A's World,4.5
915,Proxima,6.3
916,Storks,6.8
917,Triggered,6.3
918,Ammonite,6.5
919,Beirut,6.5
920,Boss Level,6.8
921,Dear Santa,
922,Iron Mask,6.5
923,Step Up: High Water,7.1
924,Stop the Hate: The Rise in Violence Against Asian Americans,8.8
925,Soul of a Nation,6.0
926,Top Chef,7.7
927,Attack of the 50 Foot Cheerleader,4.4
928,Blippi,6.0
929,CoComelon,4.0
930,Just Married,5.5
931,Little Baby Bum,6.3
932,Neil Young: Heart of Gold,7.7
933,Priceless,6.0
934,Florence Foster Jenkins,6.8
940,Beartown,7.1
941,Dredd,7.1
942,Spring Baking Championship,7.1
943,Supervillain: The Making of Tekashi 6ix9ine,6.5
944,A Conversation With Black Women,
935,Jersey Shore: Family Vacation,6.7
936,SportsNation,6.6
937,The Challenge,8.1
938,The United States vs. Billie Holiday,6.3
939,Stardust,7.6
945,"ABC News Live Presents: Mission to Mars, Live!",
946,Good Trouble,7.5
947,Sonic the Hedgehog,
948,The March on Washington: Keepers of the Dream,
949,Kenan,5.9
950,Logan Lucky,7.0
951,"Bad Habits, Holy Orders",7.6
952,Keeping Up With the Kardashians,2.9
953,North Korea: Inside the Mind of a Dictator,6.9
954,The Warrior Queen of Jhansi,4.9
955,Trump: The Reckoning,
956,60 Days In,7.6
957,Ancient Aliens,7.1
958,Bride and Prejudice: Forbidden Love,3.9
959,Forged in Fire: Beat the Judges,8.6
960,House Hunters,6.7
961,House Hunters International,7.0
962,Kings of Pain,7.2
963,Lost Girls & Love Hotels,4.7
964,Mommy is a Murderer,4.6
965,Pawn Stars,7.2
966,Property Brothers,7.1
967,Southern Gothic,6.9
968,Tempted by Danger,5.2
969,The Secret of Skinwalker Ranch,6.5
970,The Shape of Water,7.3
971,The UnXplained,7.2
972,Witches of Salem,7.0
973,Crshd,4.6
974,Men in Kilts: A Roadtrip with Sam and Graham,8.5
975,A Conversation Between Black Men,5.6
976,Havana Street Party Presents: Beatriz Luengo,
977,Hip Hop Uncovered,7.4
978,2067,4.9
979,Line of Duty,8.7
980,Tentacles,3.7
981,You're Next,6.6
982,Black Love,7.5
983,Then Came You,6.9
984,OnlyFans: Selling Sexy,5.0
985,Moesha,5.9
986,"Sister, Sister",7.1
987,Harrow,7.6
988,Beach Rats,6.4
989,Antebellum,5.8
990,Black Stories Presents: Your Attention Please,
991,Dear Comrades!,7.4
992,12 Hour Shift,5.5
993,Kindred,7.4
994,Modern Family,8.5
1000,Black Ink Crew,5.2
1001,College Hill,5.3
1002,"Hello, My Name Is Doris",6.6
1003,Love & Hip Hop Atlanta,5.5
1004,Possessor,6.5
995,Our America: Living While Black,
996,Good Morning America,4.5
997,The School That Tried to End Racism,5.4
998,Baldwin Hills,4.7
999,Being Mary Jane,7.6
1005,The Game,6.7
1006,The Haunting in Connecticut,5.8
1007,The Lady And The Dale,6.9
1008,You Laugh But It's True,7.1
1009,The Undefeated,6.6
1010,Jann,7.4
1011,Notturno,6.6
1012,Mixed-ish,6.9
1013,The Guest Book,7.3
1014,9-1-1: Lone Star,7.3
1015,Freaks and Geeks,8.8
1016,Ingrid Goes West,6.6
1017,Painting With John,7.7
1018,Derek DelGaudio’s In & Of Itself,8.2
1019,Terra Willy: Unexplored Planet,6.6
1020,The Sister,5.9
1021,The Tax Collector,4.8
1022,To Catch a Smuggler,7.4
1023,90 Day Fiancé: Self-Quarantined,5.3
1024,A Very Brady Renovation,8.3
1025,Car Kings,
1026,Gold Rush,7.3
1027,Prodigal Son,7.7
1028,Property Brothers: Forever Home,6.6
1029,Rob Riggle: Global Investigator,7.2
1030,Rock the Block,7.0
1031,Save My Skin,7.2
1032,The Inauguration of Joseph R. Biden Jr.,4.5
1033,Hollyoaks,4.6
1034,Is It Wrong to Try to Pick Up Girls in a Dungeon?,7.4
1040,Dogs Playing Poker,5.5
1041,Everyone is Doing Great,7.0
1042,Unpolished,6.0
1043,24 Hours: Assault on the Capitol,6.3
1044,Last Man Standing,7.5
1045,Lights Out,6.3
1046,The Rhythm Section,5.4
1047,Mushoku Tensei: Jobless Reincarnation,8.3
1048,HoriMiya,8.1
1049,WWE 205 Live,6.3
1050,WWE en Español,
1051,Celebrity Wheel of Fortune,7.2
1052,Celebs Go Dating,6.0
1053,Mr. Mayor,6.4
1054,Tattoo Fixers Extreme UK,6.8
1055,Gretel & Hansel,5.5
1056,Name That Tune,5.3
1057,Vanderpump Rules,6.1
1058,WWE Main Event,6.1
1059,WWE NXT,7.6
1060,Gordon Ramsay's American Road Trip,8.2
1061,Mighty Oak,5.1
1062,The Promised Neverland,8.2
1063,30 Coins,7.1
1064,The Wall,8.2
1070,Diary of a Wimpy Kid,6.2
1071,Donnie Brasco,7.7
1072,Down To Earth: The Astronaut Perspective,8.0
1073,Fire Force,7.6
1074,Footloose,6.6
1065,WWE Monday Night Raw,7.7
1066,Call Me Kat,5.4
1067,Attila the Hun,6.6
1068,Centennial,8.3
1069,Criminal Minds,8.1
1075,Hell or High Water,7.6
1076,How Do You Know,5.4
1077,Rules of Engagement,7.4
1078,Save Yourselves!,5.8
1079,Shrek,7.9
1080,Star Trek Beyond,7.0
1081,Super Dark Times,6.6
1082,Tales of Wells Fargo,7.9
1083,The Haunting,8.5
1084,Where Hope Grows,6.6
1085,Bayou Caviar,4.6
1086,Inside the College Football Playoff,
1087,Pilgrimage,5.9
1088,The Limehouse Golem,6.3
1089,The Osiris Child,5.5
1090,The Year: 2020,5.6
1091,The Masked Dancer,4.2
1092,American Animals,7.0
1093,Letterkenny,8.6
1094,I.T.,7.3
1095,Soldiers of Fortune,4.3
1096,Ottolenghi and the Cakes of Versailles,6.0
1097,The Owners,5.0
1098,Someone Marry Barry,5.8
1099,The Little Hours,5.8
1100,You Cannot Kill David Arquette,7.1
1101,NOS4A2,6.7
1102,Adoption Day,3.0
1103,Best Animal Friends,
1104,Comeback Kids,7.3
1105,First Taste Of Freedom,
1106,Rescued,7.1
1107,Reunited,6.3
1108,Spree,5.9
1109,The Hero,7.5
1110,The Jinkx & DeLa Holiday Special,7.7
1111,Happiest Season: Holiday Yule Log Scenic,
1112,Up Early Tonight,
1113,Au Pair 3: Adventure in Paradise,5.0
1114,Dirt Music,5.3
1115,Once Upon a Time in Venice,5.3
1116,The Evil in Us,4.7
1117,The Rewrite,6.3
1118,The Shot: Race for the Vaccine -- A Special Edition of 20/20,
1119,Endless,4.9
1120,Rent-a-Pal,6.3
1121,Robin Roberts Thrivership Awards,
1122,Rogue,8.1
1123,Spy Cat,5.4
1124,The Fairy Princess and the Unicorn,4.7
1125,Valley Girl,6.4
1126,Attack on Titan,9.1
1127,How to Fake a War,4.5
1128,The Secret Garden,7.3
1129,Your Honor,7.6
1130,Black Ops,6.5
1131,God's Own Country,7.6
1132,It Had to Be You,5.6
1133,Mr. Jones,6.9
1134,Waiting for the Barbarians,5.9
1135,Brassic,8.4
1136,Deutschland 89,7.7
1137,MACHO: THE HECTOR CAMACHO STORY,7.5
1138,She Dies Tomorrow,5.0
1139,The Hardy Boys,7.0
1140,Rebuilding Paradise,7.0
1141,Angels & Demons,6.7
1142,Euphoria,8.3
1143,Future-Worm!,5.4
1144,Kick Buttowski: Suburban Daredevil,6.7
1150,Wander Over Yonder,7.3
1151,Zeke and Luther,6.4
1152,The Big Ugly,5.1
1153,Blippi's Snowflake Scavenger Hunt,4.0
1154,Centigrade,4.4
1145,Lupin the 3rd Part 5,7.9
1146,Pickle and Peanut,4.4
1147,Shared Rooms,5.8
1148,The Da Vinci Code,6.6
1149,The Perfect Wedding,6.2
1155,Bombshell,6.8
1156,Happiest Season,6.6
1157,Peyton's Places,8.6
1158,UFC 252,7.1
1159,Black Narcissus,7.7
1160,Between the World and Me,7.4
1161,The Great American Baking Show: Holiday Edition,8.1
1162,Burden of Truth,7.3
1163,Animaniacs,7.9
1164,Run.,6.7
1170,A3!,6.9
1171,Body Cam,5.3
1172,McQueen,7.7
1173,69: The Saga of Danny Hernandez,5.7
1174,12 Pups of Christmas,3.9
1165,Tesla,5.1
1166,The Mole Agent,7.5
1167,Amulet,4.9
1168,For Life,6.5
1169,Stand Up for Heroes,
1175,A Christmas Movie Christmas,5.6
1176,A Nice Girl Like You,5.2
1177,Christmas Crush,5.5
1178,Knuckleball!,5.7
1179,Ramen Heads,7.0
1180,Roller Dreams,7.4
1181,Search and Destroy,2.7
1182,Skin: A History of Nudity in the Movies,6.7
1183,"Soul On Ice: Past, Present and Future",8.2
1184,Spring,5.3
1195,I Am Greta,7.5
1196,I Am Greta (Swedish Narration),7.5
1197,Library Cheer,
1198,Puppies Crash Christmas,
1199,Sputnik,6.4
1190,The Dictator,6.5
1191,The Sunlit Night,6.1
1192,12 Years a Slave,8.1
1193,A Sap Story,9.0
1194,Gingerbread Home Remodel,
1185,Suburban Gothic,5.5
1186,The Blood Is At the Doorstep,6.8
1187,The Maid's Room,4.6
1188,The Reagans,6.0
1189,ULAM: Main Dish,7.1
1200,Stuck Santa,
1201,The Gathering,7.2
1202,The Secret Life of Walter Mitty,7.3
1203,Total Bellas,6.0
1204,Two Tickets to Christmastown,
1210,Country Strong 2020: Countdown to the CMA Awards -- An ABC News Special,
1211,Eater's Guide to the World,6.7
1212,Tonight You're Mine,6.5
1213,Small Business Revolution - Main Street,7.6
1214,Vic the Viking and the Magic Sword,5.2
1205,Chicago Fire,8.0
1206,Chicago Med,7.6
1207,Chicago P.D.,8.1
1208,Entre Nos: About Last Night,
1209,The Man Who Invented Christmas,7.0
1215,The Day I Became a God,6.6
1216,The Nice Guys,7.4
1217,Moonbase 8,5.9
1218,Akudama Drive,7.3
1219,Bare Knuckle,
1220,Money Plane,3.2
1221,The Cult of the Family,6.5
1222,Killing Eve,8.1
1223,Kuma Kuma Kuma Bear,6.8
1224,Our Last Crusade or the Rise of a New World,6.4
1225,The Real Housewives of New Jersey,4.4
1226,Braking for Whales,5.0
1227,"Your Voice, Your Vote: Election 2020 - A Special Edition of 20/20",
1228,By the Grace of the Gods,7.1
1229,General Commander,3.1
1230,Secret Life of a Gang Girl: The Untold Story,5.8
1231,The Assault,6.2
1232,The Good Doctor,8.0
1233,The Real Housewives of Atlanta,4.7
1234,The Irregular at Magic High School,7.0
1235,Wandering Witch: The Journey of Elaina,6.9
1236,A Christmas Solo,5.9
1237,All Summers End,6.1
1238,Avenues,5.8
1239,Ayesha's Home Kitchen,7.6
1240,Baby Steps,5.3
1241,Best Baker in America,7.0
1242,Brand New Old Love,4.8
1243,Christmas Cookie Challenge,6.9
1244,Christmas on Holly Lane,6.4
1245,Daphne,4.2
1246,Delirium,5.7
1247,Elf,7.1
1248,Firewalker,5.1
1249,Flip or Flop Fort Worth,8.0
1250,Giada's Holiday Handbook,6.1
1251,Good Will Hunting,8.3
1252,Holiday Gingerbread Showdown,6.8
1253,Hollow Man,5.8
1254,Mapplethorpe (Director's Cut),6.2
1255,Never Been Kissed,6.0
1256,Paws P.I.,4.3
1257,Rag Doll,3.0
1258,Rick and Morty,9.1
1259,Shangri-La Suite,5.1
1260,Skins UK,8.2
1261,The Expendables,4.8
1262,The Expendables 2,6.6
1263,The Expendables 3,6.1
1264,The Night Watchmen,5.4
1275,Alice In Paris,8.5
1276,Baking It Easy,
1277,Basic Versus Baller: Travel at Any Cost,7.7
1278,Behind The Dish,9.2
1279,Lightened Up,
1280,Make This Tonight,
1281,Sourced,
1282,Struggle Meals,7.9
1283,The Grill Iron,
1284,The Women Who Run,6.6
1270,Superstore,7.9
1271,American Housewife,7.4
1272,Bad Therapy,4.4
1273,America's Future: The Power of the Latino Vote,
1274,This Is Us,8.7
1285,Burger Scholar Sessions,
1286,Hot Ones,8.3
1287,What to Expect When You're Expecting,5.7
1288,American Pickers,7.0
1289,Bad Hair,5.6
1295,Dating App Horrors: The Untold Story,
1296,I Was a Child Bride: The Untold Story,7.5
1297,Lost Gold of World War II,7.5
1298,Meghan and Harry: Baby Fever,4.3
1299,My Sordid Affair,6.5
1300,Sex for Sale: The Untold Story,5.5
1301,Storage Wars,6.3
1302,AMS: The Fight for Flight,6.8
1303,"Cyrano, My Love",7.3
1304,Madagascar: A Little Wild - A Fang-Tastic Halloween,
1290,Behind Bars: Rookie Year,7.8
1291,Beyond the Headlines: Escaping the NXIVM Cult with Gretchen Carlson,6.9
1292,Born Behind Bars,8.5
1293,Cheerleader Generation,7.6
1294,Crazy Love,7.4
1305,The Broken Land,
1306,Celeste & Jesse Forever,6.6
1307,"F*ck, That's Delicious",8.0
1308,Hannibal,8.5
1309,The Voice,6.5
1310,Totally Under Control,7.7
1311,Supermarket Sweep,7.4
1312,Friend Request,5.2
1313,Seduced: Inside the NXIVM Cult,7.4
1314,Mr. Pickles,7.3
1315,Bad Hombres,5.2
1316,Earth to Echo,5.7
1317,Emperor,5.4
1318,Helstrom,6.7
1319,Mona Lisa Smile,6.6
1320,QT8: The First Eight,
1321,Life Without Basketball,7.1
1322,The Con,6.4
1323,The Purge,5.7
1324,The Purge en Español,
1325,Treadstone,6.9
1326,Treadstone en Español,
1327,Hotel Transylvania,7.0
1328,Inside Mayweather vs. Pacquiao,
1329,NEXT,6.2
1330,SCB: Davis vs. Walsh,
1331,Tayo the Little Bus,5.3
1332,Infamous,7.0
1333,Entre Nos Presents: Shayla Rivera: It's Not Rocket Science,
1334,High Fidelity,7.4
1340,Dragon Ball Super,8.3
1341,The Comedy Store,8.2
1342,Dragon Quest: The Adventure of Dai,8.1
1343,Let's Be Real,5.1
1344,Monsterland,5.7
1335,Surrogates,6.3
1336,Terminator: Dark Fate,6.2
1337,Books of Blood,5.6
1338,Black-ish,7.3
1339,Colossal,6.2
1345,UFC Fight Island: Declassified,8.1
1346,90 Day Fiancé,6.4
1347,90 Day Fiancé: Before the 90 Days,6.8
1348,Across the Line,5.5
1349,Bizarre Foods With Andrew Zimmern,7.7
1350,Blade: Trinity,5.8
1351,Boonie Bears: The Big Shrink,5.5
1352,Dr. Pimple Popper,6.7
1353,Guess Who,5.9
1354,Halloween Baking Championship,7.6
1355,Halloween Wars,7.7
1356,Higurashi When They Cry,5.7
1357,Homicide City: Charlotte,7.1
1358,Judy & Punch,6.1
1359,Kindred Spirits (2019),5.1
1360,Moonshiners: Master Distiller,8.0
1361,My Feet Are Killing Me,6.9
1362,Next Level,6.7
1363,Sex Ed,8.2
1364,Spider-Man 3,6.3
1365,Stripped: Los Angeles,5.3
1366,Supermarket Stakeout,7.0
1367,Swimming for Gold,5.5
1368,The Express,6.5
1369,The Sandman,7.7
1370,Twisted Love,4.3
1371,Soccer Made In Germany,8.6
1372,Weakest Link,7.0
1373,Inherit the Viper,5.2
1374,Trauma Center,4.0
1380,S.W.A.T. en Español,
1381,I Can See Your Voice,5.8
1382,The Apartment (TV),8.3
1383,Cosmos: Possible Worlds,9.0
1384,If Loving You Is Wrong,5.7
1375,UFC Ultimate Knockouts,8.1
1376,Fargo,8.9
1377,A Wilderness of Error,6.5
1378,Judy,6.8
1379,S.W.A.T.,7.2
1385,Boonie Bears: Spring into Action,8.1
1386,Filthy Rich,6.3
1387,The Addams Family,6.9
1388,ESPN FC,6.7
1389,Stars and Strife,4.7
1390,The Haunted,5.2
1391,Babyteeth,7.2
1392,Bless the Harts,5.8
1393,Buttons: A Christmas Tale,5.4
1394,Gemini Man,5.7
1400,A.C.O.R.N.S: Operation Crack Down,3.6
1401,Ozzy,5.2
1402,The 3 Knockdown Rule,
1403,The Etruscan Smile,6.9
1404,Pororo the Little Penguin,5.7
1395,Sherman's Showcase,7.1
1396,StarDog and TurboCat,5.1
1397,The Fight,8.3
1398,The Master of Disguise,3.4
1399,My Soul to Take,4.7
1405,Bin Laden's Hard Drive,5.5
1406,Pop Goes the Vet,8.0
1407,Prisoners,8.2
1408,Woke,6.7
1409,This is How U Hulu,6.7
1410,Awoken,4.9
1411,Power Book II: Ghost,7.5
1412,Hooking Up,2.6
1413,Vacation In Place,6.3
1414,First Day,7.0
1415,Anthropoid,7.2
1416,Hell on the Border,4.6
1417,I Feel Pretty,5.7
1418,Mike Tyson Mysteries,8.2
1419,Mississippi Burning,7.8
1420,Playmobil: The Movie,4.9
1421,Rambo,7.0
1422,Strike,7.9
1423,The Festival,5.8
1424,Trolls World Tour,6.1
1425,I'll Be Gone In The Dark,7.4
1426,Primal,8.7
1427,The Courier,7.2
1428,The Binge,5.3
1429,Bucket List Bistro,
1430,Dark Side of the Ring: After Dark,6.6
1431,Nazi Megastructures,7.9
1432,Find Me in Paris,6.8
1433,Daffodils,5.8
1434,ThunderCats (1985),7.9
1435,ThunderCats (2011),7.8
1436,Unacknowledged: An Exposé of the Greatest Secret in Human History,7.0
1437,The Cup,6.0
1438,Behind You,6.8
1439,Christina on the Coast,4.0
1440,Mediterranean Life,8.2
1441,Savage Kingdom,8.4
1442,Before Midnight,7.9
1443,Bernie the Dolphin 2,4.6
1444,Come As You Are,7.1
1445,Our Time: Oklahoma State Football,
1446,Alive and Kicking,6.6
1447,Hard Night Falling,3.4
1448,Lucky Day,6.8
1449,No Guns Life,6.6
1450,Coda,8.0
1451,DECA-DENCE,7.0
1452,Mission Overview: NASA’s Perseverance Mars Rover,
1453,NASA Science Live: Perseverance Mars Rover & the Search for Ancient Life,
1454,Slay the Dragon,7.4
1455,The Peanut Butter Falcon,7.6
1456,The Kids Are Alright,7.9
1457,Dora and the Lost City of Gold,6.1
1458,Jerry Garcia: It's Not My Weekend,4.8
1459,Ordinary Love,6.6
1460,Shark vs. Surfer,6.1
1461,'71,7.2
1462,Are We Done Yet?,4.3
1463,City Slickers,6.8
1464,El embarcadero,7.1
1465,Elena Undone,6.1
1466,Free Fall,7.5
1467,Gayby,6.0
1468,Hurricane Bianca,5.8
1469,Just Charlie,6.9
1470,La Bella Ceci Y El Imprudente,7.8
1471,Pit Stop,6.0
1472,Rustlers' Rhapsody,6.4
1473,Safe,7.2
1474,Sordid Lives,6.7
1475,Teen Titans Go!,5.6
1476,The Last Stand,6.6
1477,Ultraviolet,4.3
1478,United Sharks of America: Shark Bite Capitals,
1479,Were The World Mine,6.8
1480,A Certain Scientific Railgun,
1481,Mega Hammerhead: Ultimate Predator,
1482,The Wretched,5.8
1483,America's Caddie,
1484,Bull,7.1
1485,In My Skin,6.2
1486,The Flood,6.4
1487,What the Shark?,6.7
1488,Cocoa Butter's The Era,
1489,Ladhood,7.3
1490,Shark vs. Whale,5.5
1491,Tasty's Making It Big,7.7
1492,Borderforce USA,7.6
1493,Maxxx,5.8
1494,Good Deeds,5.7
1495,Jamie: Keep Cooking and Carry On,8.1
1496,Raging Bull Shark,5.6
1497,World's Biggest Great White? Expedition Hawaii,
1498,2099: The Soldier Protocol,3.7
1499,Own the Sky,7.2
1500,Rattlesnakes,5.5
1501,Zoo-Head,3.7
1502,Auditions,7.6
1503,Most Wanted Sharks,5.9
1504,Sharkcano,5.4
1505,Sharks vs. Dolphins: Blood Battle,5.2
1506,The Last Full Measure,6.8
1507,When Sharks Attack,6.0
1508,The Assistant,6.3
1509,World's Biggest Tiger Shark?,5.8
1510,Marianne & Leonard: Words of Love,7.0
1511,Bong Appetit,8.1
1512,Ana,5.9
1513,The Current Occupant,5.4
1514,The Pickup Game,6.9
1530,HobbyKidsTV Smiles & Smarts by pocket.watch,
1531,I Am Not Your Negro,7.9
1532,Jason Vlogs Smiles & Smarts by pocket.watch,5.9
1533,Jillian's Mystery Craft Box by pocket.watch,
1534,JillianTubeHD Smiles & Smarts by pocket.watch,
1515,The Wolf Hour,7.5
1516,We Are Freestyle Love Supreme,7.0
1517,The Traitor,7.7
1518,The Weekend,5.7
1519,My Scientology Movie,6.6
1520,China: The Panda Adventure,5.7
1521,Horses: The Story of Equus IMAX,7.0
1522,Superpower Dogs,7.7
1523,The New York Times Presents,6.8
1524,The Secret of Life on Earth,7.2
1525,Black Butler,7.6
1526,Dicktown,6.8
1527,Sea Fever,5.7
1528,The Fosters,7.9
1529,EvanTubeHD Smiles & Smarts by pocket.watch,
1535,Karina Garcia Smiles & Smarts by pocket.watch,
1536,KidCity Smiles & Smarts by pocket.watch,
1537,MarMar Land Smiles & Smarts by pocket.watch,
1538,Onyx Family Smiles & Smarts by pocket.watch,
1539,Ryan's World Specials presented by pocket.watch,2.4
1540,Scratch Garden Smiles & Smarts by pocket.watch,
1541,The Other Lamb,5.3
1542,The House That Jack Built,6.8
1543,The Whistlers,6.3
1544,1000-lb Sisters,6.1
1545,90 Day Fiancé: The Other Way,6.7
1546,Buddy vs. Duff,5.8
1547,"Burgers, Brew & 'Que",6.5
1548,Chris Farley: Anything for a Laugh,8.0
1549,Citizen Soldier,5.9
1555,Psychic Kids,6.5
1556,Rebel in the Rye,6.7
1557,Say Yes to the Nest,4.4
1558,The American Farm,8.5
1559,The Cured,5.6
1550,Danger Close,6.8
1551,Family by the Ton,6.5
1552,Ghost Hunters,6.3
1553,Intervention,7.9
1554,Married at First Sight: Jamie and Doug Plus One,
1560,The Day I Picked My Parents,8.7
1561,The Grill Dads,7.7
1562,The Hornet's Nest,6.7
1563,The Strongest Man in History,8.8
1564,The Toe Bro,8.0
1565,Unexpected,7.8
1566,Welcome to Plathville,5.5
1567,Mission: Impossible - Ghost Protocol,7.4
1568,The Gallows Act II,4.2
1569,The Postcard Killings,5.8
1575,The Rape of Recy Taylor,6.7
1576,UFC 250,7.1
1577,XX,4.6
1578,Juneteenth: A Celebration of Overcoming,
1579,Buffaloed,6.2
1570,Carrion,5.5
1571,Digimon Adventure:,6.8
1572,Wild Nights With Emily,6.2
1573,Merlin,7.9
1574,Once Were Brothers: Robbie Robertson and The Band,7.4
1580,Crawl,6.1
1581,Drug Lords: The Next Generation,7.9
1582,Taste the Nation with Padma Lakshmi,8.1
1583,Sweet Home Sextuplets,7.7
1584,Brockmire,8.0
1595,LA 92,8.2
1596,Soccer,7.3
1597,A Beautiful Planet,7.3
1598,Destiny in Space,6.9
1599,Fires of Kuwait,7.3
1590,Eye In The Sky,7.3
1591,Child's Play,6.7
1592,Clemency,6.5
1593,Crossing Swords,6.7
1594,Good Boy,5.7
1585,Forensic Files,8.8
1586,George to the Rescue,9.2
1587,Your Home Made Perfect,8.3
1588,Pan,5.7
1589,The Dustwalker,3.8
1600,Galapagos,8.6
1601,IMAX: T-Rex: Back to the Cretaceous,4.8
1602,Into the Deep,4.6
1603,Journey to the South Pacific,6.4
1604,Pandas,7.3
1605,Space Station,4.9
1606,Survival Island,4.9
1607,The Dream Is Alive IMAX,6.3
1608,Tyler Perry's The Haves and the Have Nots,6.0
1609,Why We Fight,8.0
1615,And We Go Green,6.7
1616,Miss Snake Charmer,5.8
1617,A Beautiful Day in the Neighborhood,7.2
1618,Hard,6.4
1619,4th Man Out,6.7
1610,Absolute Boyfriend,6.9
1611,Where's Waldo?,7.9
1612,Frankie,8.2
1613,Shirley,6.2
1614,The Paynes,4.9
1620,Above and Beyond,7.8
1621,Almost Adults,5.6
1622,Childrens Hospital,7.8
1623,Community en Español,
1624,Dirty Dancing: Havana Nights,5.9
1625,Equilibrium,7.3
1626,Hail Columbia!,7.2
1627,Happily N'Ever After,4.5
1628,Inside 30 for 30,
1629,Just Eat It: A Food Waste Story,7.3
1630,Maximilian,7.4
1631,Meet Me in Montenegro,5.8
1632,Spider-Man,8.6
1633,Spider-Man 2,7.5
1634,The 10 Year Plan,6.1
1635,Westworld,8.5
1636,Women and Sometimes Men,4.6
1637,Disappearance at Clifton Hill,5.4
1638,Rig 45,6.0
1639,Miles From Tomorrowland,6.4
1640,Mission Force One,6.4
1641,Star vs. The Forces of Evil,7.9
1642,World of Dance,7.3
1643,Doc McStuffins,6.5
1644,Gravity Falls,8.9
1645,I Still Believe,6.5
1646,The Titan Games,7.2
1647,This Mountain Life,7.2
1648,The Tracker,7.0
1649,UFC 249,8.1
1650,Drag Kids,5.0
1651,AKA Jane Roe,6.9
1652,Killer in Plain Sight,7.3
1653,Premature,5.7
1654,Rocketman,7.3
1655,The Painter and the Thief,
1656,Top End Wedding,6.3
1657,K.C. Undercover,6.5
1658,Red Dog,7.3
1659,2nd Date Sex,5.5
1660,Above the Shadows,6.1
1661,Already Tomorrow in Hong Kong,6.4
1662,Autonomy,6.4
1663,Big Men,7.2
1664,Cosmos,9.2
1665,Da Sweet Blood of Jesus,4.5
1666,Morphle,4.2
1667,Saving Atlantis,7.6
1668,Scandal,7.7
1669,The Mandela Effect,5.8
1670,Baskets,7.6
1671,Beat Bobby Flay,6.4
1672,Digimon Adventure,6.8
1673,Digimon Adventure 02,6.2
1674,Digimon Frontier,6.7
1675,Digimon Tamers,7.6
1676,Fast N' Loud,7.4
1677,My Friend Dahmer,6.2
1678,Saving Flora,5.9
1679,Street Outlaws,6.5
1680,The Boy Downstairs,5.7
1681,The Cat Rescuers,7.7
1682,The Great,8.1
1683,The Little Couple,6.8
1684,Just Shoot Me,6.9
1685,APPARE-RANMAN!,6.8
1686,Claws,7.5
1687,Blindspot,7.3
1688,Delivered,7.7
1689,Spaceship Earth,6.4
1690,Pitch,7.1
1691,The Hustle,5.4
1692,Fine Lines,7.0
1693,Pain and Glory,7.5
1694,Shironeko Project ZERO CHRONICLE,5.5
1695,The 33,6.9
1696,The Lodge,6.0
1697,Vikings,7.3
1698,After Class,5.9
1699,Arte,6.9
1700,Listeners,
1701,Unlocking Victory,
1702,Bloom (AUS),6.7
1703,Boomtown,8.1
1704,Christine,6.8
1705,Darwin's Game,7.2
1706,Dismissed,5.7
1707,F the Prom,4.2
1708,Ghost Team (Unrated),
1709,Harry Benson: Shoot First,7.4
1710,I Am Alone,4.5
1711,In the Radiant City,5.7
1712,Missing 411,6.4
1713,The Dinner,4.5
1714,Toxic Beauty,7.2
1715,Sophie La Girafe,
1716,Cunningham,6.7
1717,Hubble 30th Anniversary,8.0
1718,A Kind of Murder,5.3
1719,ABC News Archives: Earth Day,
1720,Detail: 1998 Chicago Bulls,
1721,Paranormal Activity 3,5.8
1722,100 Streets,5.8
1723,2 Days in Paris,6.7
1724,Blame,5.4
1725,This is Not Berlin,7.5
1726,"Little People, Big World",6.2
1727,Songland,8.1
1728,Vault,6.4
1729,Little Joe,5.8
1730,13 Assassins,7.5
1731,Barking Dogs Never Bite,6.9
1732,Cashback,7.1
1733,Force Majeure,7.2
1734,Jesus Camp,7.4
1735,Let the Right One In,7.5
1736,Melancholia,7.1
1737,Mother,8.3
1738,Parasite,8.5
1739,The Host,7.1
1740,The Queen of Versailles,7.1
1741,MLS,
1742,Future Man,7.6
1743,Pooka Lives!,6.0
1744,Siren,7.0
1745,60 Days In: Narcoland,6.0
1746,90 Day Fiancé: Happily Ever After?,6.4
1747,Breaking Amish,5.0
1748,Bring It!,6.1
1749,Hatfields & McCoys,7.9
1750,Hidden Potential,7.3
1751,Kids Behind Bars: Life or Parole,7.1
1752,Little Women: LA,5.6
1753,Taken at Birth,8.2
1754,The Family Chantel,3.6
1760,Baghdad Central,7.3
1761,Portrait of a Lady on Fire,
1762,Brown Girl Begins,3.9
1763,Margaret Atwood: A Word After a Word After a Word is Power,7.6
1764,Little Fires Everywhere,7.7
1755,The Food That Built America,8.4
1756,The Kitchen,4.8
1757,The Witch,7.0
1758,Who Let the Dogs Out,7.1
1759,Luther,8.4
1765,Gravity,8.9
1766,Yu-Gi-Oh! ARC-V,6.0
1767,Big Time Adolescence,6.9
1768,Legion,8.1
1769,Love Island: Australia,5.7
1770,Taboo,8.3
1771,The Bastard Executioner,6.2
1772,Atlanta,8.6
1773,Better Things,7.9
1774,Monchhichi,6.4
1775,Monos,6.8
1776,The Most Dangerous Animal of All,6.3
1777,Crawlers,
1778,Hillary,7.0
1779,"I Draw, You Cook",
1780,Knives and Skin,5.2
1781,Devs,7.6
1782,Defining Moments with OZY,8.1
1783,Flesh And Bone (TV),7.8
1784,It's Always Sunny in Philadelphia,8.8
1790,Nip/Tuck,7.7
1791,Último Tren A Rusia,9.0
1792,Bless This Mess,6.9
1793,Bad Banks,7.8
1794,Britain's Best Home Cook,7.8
1785,Life in Pieces,8.0
1786,Snowfall,8.4
1787,Extreme Rescues,
1788,Hawthorne,6.0
1789,OK K.O.! Let's Be Heroes,6.8
1795,After Parkland,6.3
1796,Getaway,5.8
1797,Guardians of the Amazon,7.2
1798,And So It Goes,5.9
1799,Oculus,6.5
1800,Racetime,5.5
1801,Radioflash,4.8
1802,The Other Guy,6.6
1803,Utopia Falls,5.3
1804,Sea of Shadows,7.3
1810,"BOFURI: I Don't Want to Get Hurt, so I'll Max Out My Defense.",7.4
1811,My Valentine,5.4
1812,Plunderer,6.5
1813,Angel of Mine,6.3
1814,Mamon,7.3
1805,Alive,7.1
1806,Smile Down the Runway,7.4
1807,Wrong Man,7.4
1808,Infinite Dendrogram,6.0
1809,Toilet-bound Hanako-kun,7.5
1815,Sorcerous Stabber Orphen,5.6
1816,The Cave,5.1
1817,Wrinkles the Clown,4.9
1818,Basketball: A Love Story,8.4
1819,Princess Cyd,6.7
1820,UFC 246,7.0
1821,WWE Miz and Mrs,
1822,Tom Brady’s Big Super Bowl Announcement,
1823,Adam,7.7
1824,All About E,8.2
1825,Cherry Pop,4.6
1826,Getting Go: The Go Doc Project,6.9
1827,Henry Gamble's Birthday Party,6.1
1828,Howards End,7.4
1829,Liz in September,6.0
1830,Naz & Maalik,5.6
1831,The Girl King,5.9
1832,Those People,6.5
1833,Where We Go from Here,5.1
1834,Blast of Tempest,7.4
1835,Blue Exorcist,7.4
1836,Charlotte,7.5
1837,Durarara!!,7.8
1838,Durarara!!x2,7.7
1839,Erased,8.4
1840,Fate/stay night [Unlimited Blade Works],8.0
1841,Fate/Zero,8.2
1842,Fullmetal Alchemist: Brotherhood,9.1
1843,Gurren Lagann,8.3
1844,Kill la Kill,7.9
1850,My Little Pony: The Princess Promenade en Español,7.4
1851,My little Pony: Twinkle Wish Adventure en Español,4.6
1852,Nisekoi,7.2
1853,Nisekoi 2,7.2
1854,Oreshura,6.4
1845,Magi,7.8
1846,Magi 2,7.9
1847,My little Pony Crystal Princess: The Runaway Rainbow en Español,5.1
1848,My little Pony: A Very Minty Christmas en Español,5.2
1849,My Little Pony: Friendship is Magic en Español,7.7
1855,Plastic Memories,7.3
1856,Puella Magi Madoka Magica,8.2
1857,Rurouni Kenshin,7.4
1858,Serie Pokémon XY,8.2
1859,Serie Pokémon XY – Expediciones en Kalos,7.5
1860,Serie Pokémon XYZ,8.2
1861,Sword Art Online,7.5
1862,Sword Art Online Extra Edition,6.2
1863,Sword Art Online II,7.0
1864,The Asterisk War,6.8
1870,Damages en Español,
1871,Flea Market Flip,7.0
1872,Good Eats: Reloaded,8.8
1873,Emanuel,7.6
1874,The Detour,7.7
1865,Your Lie in April,8.5
1866,I Am Jazz,4.3
1867,Brian Banks,7.2
1868,Luce,6.6
1869,Cooks vs. Cons,5.6
1875,Justified,8.6
1876,Justified en Español,
1877,"Life, Animated",7.4
1878,Gold Rush: Dave Turin's Lost Mine,6.5
1879,Greener Grass,6.4
1880,Coherence,7.2
1881,NASA Explorers,7.1
1882,Rare Exports: A Christmas Tale,6.6
1883,The Alchemist Cookbook,5.2
1884,We Need to Talk About Kevin,7.5
1890,Honeyland,8.0
1891,Raise Hell: The Life and Times of Molly Ivins,8.0
1892,¿Dónde Está Elisa?,6.9
1893,C.B. Strike,7.9
1894,Damages,8.1
1885,Lodge 49,7.6
1886,The Terror,7.9
1887,Gordon Ramsay's 24 Hours to Hell and Back,7.2
1888,The Art of Self-Defense,6.6
1889,FOX News Sunday,3.9
1895,Hunting JonBenét's Killer: The Untold Story,5.7
1896,Rellik,6.4
1897,Rescue Me,8.3
1898,The Curse of Oak Island,6.8
1899,The Zen Diaries of Garry Shandling,8.4
1900,24 Hour Love,3.4
1901,35 and Ticking,5.5
1902,A Score to Settle,4.8
1903,Beneath the Darkness,4.5
1904,Cabin Fever: Patient Zero,4.4
1910,Elvira: Mistress of the Dark,6.6
1911,Gary Owen: I Agree with Myself,5.6
1912,Hellbound: Hellraiser II,6.4
1913,Into the Ashes,5.0
1914,Kill Order,8.4
1905,Catching Faith,4.7
1906,D.L. Hughley: Reset,6.9
1907,Dark Was the Night,5.6
1908,Day of the Falcon,6.6
1909,Digging Up the Marrow,5.8
1915,Mary,6.9
1916,Middle of Nowhere,6.4
1917,Nina,6.1
1918,Odd Thomas,6.8
1919,Playin' For Love,6.2
1920,Robo-Dog,4.2
1921,So This Is Christmas,4.1
1922,Step Dogs,4.5
1923,The Clintons: An American Odyssey,3.3
1924,The Heart of Christmas,6.8
1925,The Houses October Built,5.2
1926,The Houses October Built 2,4.6
1927,The Numbers Station,5.6
1928,The Tall Man,5.9
1929,Trick,7.2
1935,CFB150,
1936,Littlekenny,7.0
1937,Midnight Kiss,6.2
1938,New Order: Decades,6.7
1939,The Day Shall Come,5.9
1930,WolfCop,5.6
1931,Andy & the Donald,6.0
1932,Running with the Devil,5.4
1933,Lil Rel Howery: Live in Crenshaw,5.5
1934,Preacher,7.9
1940,Black Jesus,7.0
1941,Lo and Behold: Reveries of the Connected World,7.0
1942,Pokémon the Movie: Diancie and the Cocoon of Destruction,5.5
1943,Pokémon the Movie: Hoopa and the Clash of Ages,5.9
1944,Pokémon The Movie: Volcanion and the Mechanical Marvel,5.9
1945,Pokémon the Series: XY,7.6
1946,Pokémon the Series: XY Kalos Quest,7.5
1947,Pokémon the Series: XYZ,7.6
1948,A Christmas Carol (2019),7.3
1949,Loro,6.7
1950,My Little Pony: Friendship Is Magic,7.7
1951,Cold Case Hammarskjöld,7.5
1952,The Kid,7.3
1953,Wild Rose,7.1
1954,ID: INVADED,7.5
1955,Depraved,5.5
1956,Marvel's Runaways,6.8
1957,Blackfish,8.1
1958,Fast Color,6.1
1959,Catherine the Great,6.2
1960,My Little Pony Crystal Princess: The Runaway Rainbow,5.1
1961,My Little Pony: A Very Minty Christmas,5.2
1962,My Little Pony: The Princess Promenade,7.4
1963,My Little Pony: Twinkle Wish Adventure,4.6
1964,The Harder Way,
1965,A Nasty Piece of Work,6.7
1966,Eddie Griffin: E-Niggma,5.3
1967,Reprisal,6.6
1968,How to Train Your Dragon: Homecoming,7.3
1969,How to Train Your Dragon: Snoggletog Log,4.4
1975,The Only Way Is Essex,3.1
1976,Apple Tree Yard,7.2
1977,Mike Wallace Is Here,7.4
1978,Astronaut,6.0
1979,Love & Mercy,7.4
1970,Killers Anonymous,4.0
1971,Politicking With Larry King,5.7
1972,Making It,7.9
1973,This One's for the Ladies,5.5
1974,GINTAMA,8.7
1980,Ice Age: A Mammoth Christmas,6.4
1981,Holly Hobbie,6.6
1982,The Accident,
1983,Vita & Virginia,5.9
1984,The Quiet One,6.5
1985,Booksmart,7.1
1986,The Tomorrow Man,5.9
1987,UFC Sound Waves,
1988,Fantastica: A Boonie Bears Adventure,5.6
1989,BuzzFeed Unsolved: Supernatural,8.7
2000,Denial,6.8
2001,Kono Oto Tomare!: Sounds of Life,8.0
2002,AZUR LANE,5.6
2003,After School Dice Club,
2004,Cautious Hero: The Hero Is Overpowered But Overly Cautious,
1995,Stand My Heroes: Piece of Truth,6.7
1996,The Biggest Little Farm,8.0
1997,BBQuest,6.5
1998,Framing John DeLorean,6.5
1999,Special 7: Special Crime Investigation Unit,6.0
1990,Dollface,7.4
1991,Case file n°221 : Kabukicho,
1992,Stars Align,7.3
1993,You're the Worst,8.1
1994,Phantasy Star Online 2: Episode Oracle,6.7
2005,Celeste Barber: Challenge Accepted,6.5
2006,Investigations by Vice,7.1
2007,Kemono Michi: Rise Up,
2008,Kids Baking Championship,7.2
2009,Pilgrim,7.6
2015,The Boardroom,
2016,Ultimate Survival WWII,8.3
2017,Raw. Vegan. Not Gross.,
2018,ZOMBOAT!,7.0
2019,Unsolved Mysteries,7.3
2020,Castle Rock,7.5
2021,HobbyKids Adventures by pocket.watch,
2022,Looking for Alaska,8.0
2023,Pocket.watch EvanTubeHD Ultimate mishmash,
2024,Pocket.watch HobbyKidsTV Ultimate mishmash,
2010,Sinbad: Legend of the Seven Seas,6.7
2011,The Nightingale,7.3
2012,Snake City,8.4
2013,In Search of Greatness,6.9
2014,Meeting Gorbachev,7.2
2025,Wounds,4.1
2026,Toni Morrison: The Pieces I Am,7.7
2027,Daytime Noir,6.7
2028,The World Between Us,6.8
2029,Little Woods,6.2
2030,Sword Art Online -Alicization-,8.3
2031,Little Monsters,6.0
2032,Madonna and the Breakfast Club,6.5
2033,Savage Youth,5.3
2034,Scotch: A Golden Dream,7.5
2035,Trespassers,4.9
2036,Cannabis Evolution,6.1
2037,Missing Link,6.7
2038,A New Leaf,7.3
2039,Consumer 101,4.5
2040,The Champion Within,
2041,Vets Saving Pets,7.9
2042,We Never Learn: BOKUBEN,
2043,Alex Morgan: The Equalizer,
2044,Uncanny Annie,5.7
2045,Almost Family,6.4
2046,Amazing Grace,7.4
2047,Flagged,5.5
2048,Hidden Mother,6.0
2049,Ride,6.8
2055,Biography: The Trump Dynasty,7.1
2056,Hillbilly,6.7
2057,Hunt for the Skinwalker,4.5
2058,Many Sides of Jane,5.7
2059,OutDaughtered,6.9
2060,The Amityville Murders,4.7
2061,The Dead Files,6.7
2062,The First 48 Presents: Homicide Squad Atlanta,8.2
2063,Basketball Wives LA,4.0
2064,Teen Spirit,6.1
2050,Swiped to Death,5.9
2051,The Dunes,8.5
2052,The Ripper,7.1
2053,Undo,6.5
2054,30 for 30,8.8
2065,The Hills,6.4
2066,Hitler's Last Stand,6.3
2067,Love & Hip Hop Hollywood,5.3
2068,Fresh off the Boat,7.8
2069,Single Parents,7.2
2070,Drifters,7.0
2071,Empire,6.1
2072,Joe Bennett Collection,
2073,Aniara,6.3
2074,Crypto,5.2
2080,Murder in the Bayou,7.1
2081,Nitro Circus: The Movie,6.6
2082,Hijos Del Carnaval,
2083,Activate: The Global Citizen Movement,5.6
2084,Curious George: Royal Monkey,5.3
2075,Culture Shock: A Conversation With Director Gigi Saul Guerrero,
2076,Larrymania,6.2
2077,NFL's Greatest Games,6.6
2078,Elementary,7.9
2079,"Dios, Inc.",6.5
2085,Backstory,8.4
2086,Hotel Mumbai,7.6
2087,Pure,7.3
2088,We Die Young,5.2
2089,Matriarch,4.6
2090,The Many Lives of Nick Buoniconti,7.1
2091,Buried Secrets of WWII,6.8
2092,Untouchable,8.5
2093,Chuggington,5.9
2094,Playing It Cool,5.9
2095,GameFace,7.7
2096,Worth It,8.5
2097,Body at Brighton Rock,4.7
2098,The Son,6.4
2099,Dana White's Contender Series,8.3
2100,Designing Women,7.2
2101,The Affair,7.9
2102,Farruko: En Letra de Otro,7.2
2103,Lethal Weapon,7.6
2104,Mapplethorpe,6.2
2105,Jawline,6.1
2106,Hail Satan?,7.3
2107,Shark Movers: Deadly Cargo,
2108,Forecast Shark Attack,
2109,The Amazing Johnathan Documentary,6.5
2110,Dogman,6.8
2111,The Whale That Ate Jaws: Eyewitness Report,
2112,Andy Irons: Kissed by God,8.1
2113,BEM,7.5
2114,Great Shark Chow Down,5.6
2120,Cop Craft,6.6
2121,Fosse/Verdon,7.9
2122,Kochoki,8.3
2123,Plus One,6.6
2124,The Armstrong Tapes,7.2
2115,Cannibal Sharks,6.1
2116,AWOL,6.2
2117,The Beach Bum,5.5
2118,Apollo: Back to the Moon,8.5
2119,Arifureta: From Commonplace to World's Strongest,7.1
2125,The Ones Within,6.3
2126,ASTRA LOST IN SPACE,8.0
2127,Big Little Lies,8.4
2128,"Demon Lord, Retry!",6.7
2129,Non-Fiction,6.4
2130,School Spirit,7.6
2131,Hackerville,7.0
2132,The Hunchback of Notre Dame,7.0
2133,Along with the Gods: The Last 49 Days,7.1
2134,Four Weddings and a Funeral,7.1
2140,Time Freak,5.8
2141,Apollo 11,8.1
2142,ISS Expedition,6.6
2143,Clair de Lune 4K Version - Moon Images from NASA's Lunar Reconnaissance Orbiter,
2144,Earth Views,
2135,After Darkness,3.8
2136,I Trapped the Devil,4.8
2137,Light as a Feather,6.5
2138,The Field Guide to Evil,4.8
2139,Blue Bloods,7.7
2145,NASA Discusses Recent Testing of the James Webb Space Telescope,
2146,NASA's Giant Leaps: Past and Future - Celebrating Apollo 50th as we Go Forward to the Moon,
2147,NASA’s Look at 50 Years of Apollo,
2148,Parker Solar Probe Launch Coverage,
2149,Space Station Fisheye Fly-Through,
2150,SpaceX Crew Dragon’s First Launch on Demo-1 Mission,
2151,SpaceX TESS Live Launch Coverage,
2152,Stunning Aurora Borealis from Space,
2153,Tour of the Moon 4k Redux,
2154,Veronica Mars,8.4
2155,Somm,7.0
2156,Somm 3,6.9
2157,Somm: Into The Bottle,7.3
2158,Killer Unknown,6.4
2159,Love It or List It,6.5
2160,Clique,6.8
2161,SneakerCenter,
2162,Harlots,7.7
2163,The Amazing World of Gumball,8.4
2164,The Venture Bros.,8.6
2165,Culture Shock,5.8
2166,The Brink,7.7
2167,Chernobyl,9.3
2168,The Last Word,6.6
2169,Nightwatch Nation,8.9
2170,Project Runway,7.4
2171,The Man Who Killed Hitler and Then the Bigfoot,5.7
2172,The Sweet Life,6.2
2173,Stargate SG-1,8.4
2174,Diane,6.7
2175,Lords of Chaos,6.6
2176,El Jardin De Bronce,7.7
2177,Out of Blue,4.3
2178,The Bravest Knight,6.9
2179,The Riveras,7.7
2180,Declared,
2181,Das Boot,8.4
2182,12 Monkeys,8.0
2183,El Negocio,6.6
2184,They Come Knocking,5.2
2185,The Bomber,4.9
2186,The Weekly,7.2
2187,Vox Lux,5.8
2188,Ask Dr. Ruth,7.7
2189,Blinded by the Lights,7.8
2190,The Lonely Man,6.3
2191,Angie Tribeca,7.0
2192,Broad City,8.4
2193,The Big Valley,7.6
2194,Backtrace,3.8
2200,Diesel Brothers,6.6
2201,Entre Nos,7.5
2202,Good Bones,7.4
2203,DriverX,5.8
2204,Professional Fighters League,7.8
2195,Baywatch,5.4
2196,Beat Shazam,6.1
2197,Ben Is Back,6.7
2198,Catch-22,7.7
2199,Counting On,4.1
2205,Wise Man's Grandchild,6.9
2206,RobiHachi,5.9
2207,Afterlost,5.4
2208,Fairy gone,5.7
2209,MIX,3.0
2210,Drunk History,7.8
2211,The Clovehitch Killer,6.5
2212,All That We Destroy,6.0
2213,Welcome to Mercy,4.8
2214,Voltron: Defender of the Universe,7.9
2220,The Quake,6.2
2221,What’s Wrong With Secretary Kim,8.1
2222,One-Punch Man,8.7
2223,Superstructures: Engineering Marvels,7.3
2224,Barefoot Contessa,6.9
2215,Border,7.0
2216,Don't Go,5.2
2217,The Sisters Brothers,6.9
2218,I Am the Night,6.9
2219,Ring Science,
2225,The Last Alaskans,8.5
2226,Pledge,6.7
2227,Fantastic Fights,7.4
2228,The Last Ship,7.4
2229,Tyrel,5.5
2230,The Prospects,8.6
2231,Destroyer,6.2
2232,Cults and Extreme Belief,7.4
2233,I'm Just F*cking With You,5.7
2234,Law of the Lawless,6.0
2235,Chef Flynn,6.6
2236,Legendary Catch,
2237,She-Ra: Princess of Power,6.8
2238,Monsters and Men,6.1
2239,If Beale Street Could Talk,7.1
2240,Cardinal,7.8
2241,Miami Vice,7.6
2242,The Last Race,5.9
2243,Mental Samurai,5.7
2244,The Act,7.8
2245,Assassination Nation,6.0
2246,Divide and Conquer: The Story of Roger Ailes,7.1
2247,Havana Street Party Presents Orishas,
2248,Tea With the Dames,7.4
2249,Shoplifters,7.9
2250,MasterChef Junior,6.8
2251,American Gods,7.6
2252,"Drugs, Inc.",7.8
2253,Hang-Ups,6.4
2254,Puppies vs. the World,7.6
2255,"Underworld, Inc.",6.8
2256,Voltron: Fleet Of Doom,7.1
2257,Can I Steal You for a Second?,
2258,Treehouse,3.8
2259,Digging for Fire,5.8
2260,The Guilty,6.3
2261,Unikitty en Español,
2262,Three Identical Strangers,7.6
2263,We Are LAFC,
2264,The Panama Papers,7.1
2265,Stan Against Evil,7.3
2266,Code Geass,8.7
2267,Jamie's Quick & Easy Food,8.2
2268,Outlaw Star,7.9
2269,Tasty 101,8.2
2270,False Flag,7.7
2271,Unbanned: The Legend of AJ1,6.9
2272,Dharma & Greg,6.4
2273,Murder on the Internet,6.4
2274,Fairy Tail,7.9
2280,The Joe Louis Story,5.8
2281,Bad Reputation,4.1
2282,"Love, Gilda",7.4
2283,Cruise,6.6
2284,WTF Baron Davis,8.2
2285,Nostradamus Effect,5.1
2286,The Pillars Of The Earth,8.0
2287,World Without End (2012),6.9
2288,Butterfly (2018),5.9
2289,Knight Rider Classic,
2275,Steins;Gate 0,8.4
2276,Dog Days,6.2
2277,The Bob Newhart Show,8.1
2278,Pick of the Litter,7.6
2279,Down,7.7
2290,The Menendez Murders: Erik Tells All,7.4
2291,Truth and Lies: Monica and Bill,6.7
2292,UFC Destined,
2293,FYRE FRAUD,6.8
2294,Miranda (TV),8.2
2295,Dead by Dawn,4.2
2296,Kaguya-sama: Love Is War,8.5
2297,Comrades & Cash: How Money Found Its Way Through the Iron Curtain,7.3
2298,Kusama: Infinity,7.3
2299,Support the Girls,6.4
2300,Ally McBeal,6.9
2301,Curious George: A Very Monkey Christmas,6.3
2302,Heathers,7.2
2303,Jorge el Curioso: Una Navidad de Monos,
2304,Shrek en Español,
2305,The X-Files,8.6
2306,A Crooked Somebody,6.2
2307,The Orville,8.0
2308,Eating Animals,7.4
2309,Far From the Tree,7.8
2310,"New Year, New You",4.7
2311,UFC 25 Greatest Fights,7.5
2312,UFC Fight Flashback,8.5
2313,UFC Main Event,
2314,UFC Reloaded,9.0
2315,UFC Top 10,
2316,UFC Unleashed,7.9
2317,A Killer on Floor 32,
2318,Mighty Magiswords,4.6
2319,Polly Pocket,6.0
2320,Desperate Housewives en Español,7.1
2321,The Devil's Doorway,5.3
2322,Christmas Perfection,5.5
2323,Every Other Holiday,6.9
2324,He-Man and the Masters of the Universe,7.5
2325,Hearts Beat Loud,6.9
2326,The Killing,8.3
2327,Boston Legal,8.5
2328,Burn Notice,8.0
2329,Damsel,6.1
2330,White Collar,8.2
2331,The Snow Queen 3: Fire and Ice,6.0
2332,Deutschland 86,7.6
2333,"Nico, 1988",6.7
2334,Graves,6.8
2335,Pooka!,
2336,NBA Rooks,
2337,Adventure Time,8.6
2338,The Powerpuff Girls (2016),3.7
2339,24,8.4
2340,Casi Leyendas,6.3
2341,Melissa & Joey,7.0
2342,Pixi Saves Christmas,7.2
2343,"Señor, Dame Paciencia",5.3
2344,Hollywood Game Night,7.3
2345,Damascus Cover,5.3
2346,Feral,4.3
2347,Shark,6.0
2348,Sorry to Bother You,6.9
2349,Nina's World,6.7
2350,The Bisexual,6.5
2351,Cartel Land,7.3
2352,Dust 2 Glory,7.0
2353,Luis and the Aliens,6.0
2354,Anthony Bourdain: No Reservations,8.5
2355,Living With Fran,5.8
2356,That Summer,6.5
2357,Married... With Children,8.1
2358,Under the Tree,6.8
2359,Dietland,6.7
2360,Flesh & Blood,7.1
2361,Johnny Reno,5.7
2362,King of the Hill,7.5
2363,SIX,8.7
2364,The 12th Man,7.3
2365,Earn Everything,6.6
2366,Racer and the Jailbird,6.3
2367,Let the Sunshine In,
2368,El Fantasma de Elena,6.8
2369,Bad Roomies,5.1
2370,High Strung,6.3
2371,It Came from the Desert,4.3
2372,The Bernie Mac Show,7.2
2373,The Escort,6.0
2374,Total Wipeout,6.6
2375,NBA: Year One,4.9
2376,Alguien te Mira,8.0
2377,Speechless,7.5
2378,The Practice,7.7
2379,Dot,7.8
2380,La Diosa Coronada,7.3
2381,Southbound,5.9
2382,The Body,7.6
2383,Rascal Does Not Dream of Bunny Girl Senpai,8.0
2384,Brothers & Sisters,7.5
2385,10 Things I Hate About You,7.3
2386,Baby Daddy,7.3
2387,Carved,
2388,Cougar Town,7.0
2389,Dama y Obrero,7.5
2390,El Clon,6.6
2391,Greek,7.6
2392,"Haunting, Horrifying Sounds from Beyond the Grave",5.6
2393,Legit,8.1
2394,Lincoln Heights,7.7
2395,Lippy,4.2
2396,Make It or Break It,7.5
2397,Out There,7.8
2398,St. Elsewhere,8.0
2399,The Box,5.6
2405,The Riches,7.8
2406,The Rizzle,6.1
2407,The Secret Life of the American Teenager,4.9
2408,Ugly Betty,6.8
2409,Ugly Betty en Español,
2400,The Gillymuck,5.6
2401,The Hug,6.2
2402,The Jackie Robinson Story,6.4
2403,The League,8.3
2404,The Mary Tyler Moore Show,7.3
2410,Urn,4.9
2411,A 2nd Chance,4.7
2412,"Truth and Lies: Jonestown, Paradise Lost",7.2
2413,10.0 Earthquake,3.5
2414,The Archer,8.6
2420,Training Days: Rolling with the Tide,
2421,Pasión de gavilanes,7.8
2422,Good Behavior,8.0
2423,The First,6.5
2424,Chopped Junior,6.3
2415,Zapped,4.9
2416,Star,8.4
2417,The Gifted,7.2
2418,Aurora (TV),
2419,La Impostora,7.7
2425,Expedition Unknown,8.2
2426,Warriors of Liberty City,7.2
2427,Cake Wars,6.3
2428,Cupcake Wars,5.8
2429,Flower,7.6
2430,Just Between Lovers,8.2
2431,Eva la Trailera,7.2
2432,America To Me,7.9
2433,Crime + Punishment,5.5
2434,Pasión Prohibida,8.1
2440,Tim & Eric's Bedtime Stories,7.8
2441,Life of Kylie,3.5
2442,El Cuerpo del Deseo,6.7
2443,En otra piel,8.0
2444,Casual,7.5
2435,Minding the Gap,8.0
2436,Perro Amor,6.1
2437,A Ciambra,6.9
2438,Borg vs McEnroe,6.9
2439,Rosa Diamante,7.7
2445,Alone Together,5.4
2446,The Thundermans,5.9
2447,Devils' Line,6.8
2448,Ballet Now,7.2
2449,Marido en Alquiler,7.0
2450,Enhanced,4.8
2451,UnREAL,7.8
2452,Home Town,8.1
2453,Pocket.watch JillianTubeHD Ultimate mishmash,
2454,Pocket.watch Ryan ToysReview Ultimate mishmash,3.6
2455,Property Brothers: Buying & Selling,7.1
2456,Restaurant: Impossible,6.8
2457,La Casa de al Lado,7.0
2458,Santa Diabla,6.6
2459,Lost en Español,4.6
2460,Corazón valiente,8.3
2461,Ancient Top 10,7.6
2462,The Librarians,7.3
2463,The Murder of Laci Peterson,7.3
2464,The Legend of the Blue Sea,8.1
2465,While You Were Sleeping (TV),6.8
2466,M*A*S*H,8.5
2467,Classic Wimbledon,
2468,Curious George 3: Back to the Jungle,5.5
2469,Jorge el Curioso 3: De regreso a la Jungla,5.5
2470,Nine for IX,6.4
2471,Breakup at a Wedding,5.1
2472,Dirk Gently's Holistic Detective Agency,8.2
2473,Napoleon Dynamite (2012),6.4
2474,"Ruff Ruff, Tweet and Dave",7.7
2480,Doozers,7.4
2481,Half Magic,4.7
2482,Cheddar Features,
2483,Money Menu,
2484,Neat: The Story of Bourbon,7.5
2475,Weediquette,8.1
2476,I Love Jenni,6.4
2477,Night of the Living Dead,7.8
2478,When Shall We Kiss,6.7
2479,"I, Tonya",7.5
2485,(Dub) Sword Art Online: The Movie - Ordinal Scale,7.3
2486,(Sub) Sword Art Online: The Movie - Ordinal Scale,7.3
2487,Cheddar Explains,
2488,Last Train to Russia,
2489,The Strain,7.3
2490,It's a Disaster,6.4
2491,All Night,7.6
2492,My Name Is Earl,7.8
2493,Witches of East End,7.5
2494,Bajo el Mismo Cielo,7.2
2495,Chiquis 'n Control,8.6
2496,Dueños del Paraíso,6.9
2497,El Señor de los Cielos,6.8
2498,La Patrona,7.4
2499,Señora Acero,6.9
2505,Friday Night Lights,8.7
2506,Mom and Dad,5.6
2507,Tragedy Girls,6.0
2508,Detail,7.5
2509,Thelma,7.2
2500,Tierra de Reyes,7.4
2501,The First 48,8.2
2502,The Hangman,3.3
2503,Teen Titans Go! en Español,5.6
2504,Tiny Shoulders: Rethinking Barbie,6.7
2510,The Messenger,7.1
2511,Tokyo Ghoul,7.7
2512,PERSONA5 the Animation,6.6
2513,"Sword Art Online Alternative ""Gun Gale Online""",6.8
2514,Magic City,7.6
2515,National Treasure: Kiri,6.7
2516,Flip or Flop,6.2
2517,House Hunters Renovation,6.5
2518,Iron Chef America,7.1
2519,The Killer Speaks,7.3
2520,Warpath,
2521,NYPD Blue,7.7
2522,March of the Penguins 2: The Next Step,6.6
2523,Toddlers & Tiaras,1.7
2524,Shadowhunters,6.5
2525,4 Lovers,5.6
2526,Deadliest Catch,7.8
2527,Hello I Must Be Going,6.2
2528,Sister Wives,4.5
2529,Mobile Suit Gundam UC (Unicorn),6.6
2530,SC Featured,
2531,Becoming,7.2
2532,Timeless,7.6
2533,Fantasmagorias,6.9
2534,Hard Sun,6.6
2535,Survivor,7.5
2536,30 for 30 Shorts,7.8
2537,Indy 500,5.4
2538,Legends,9.0
2539,Classic Boxing,7.8
2540,ESPN Films Presents,4.8
2541,O.J.: Made in America,8.9
2542,The Masters Films,
2543,Scrubs,8.4
2544,28 Hotel Rooms,5.7
2545,Monogamy,6.6
2546,The Girlfriend Experience,7.0
2547,Better Off Ted,8.2
2548,Overdrive,5.4
2549,Nightcap,6.7
2550,Black Spurs,5.8
2551,One Tree Hill,7.8
2552,Wasteland,7.9
2553,ABC News Specials,5.6
2554,Uncle Grandpa,4.5
2565,Truth and Lies: Waco,6.5
2566,Animaniacs: Wakko’s Wish,7.1
2567,Lost,8.3
2568,Pinky & The Brain,7.8
2569,"Pinky, Elmyra & The Brain",5.8
2560,Saving Grace (2007),7.6
2561,Living Single,7.7
2562,Teenage Mutant Ninja Turtles,7.2
2563,Gordon Ramsay's The F Word,6.9
2564,Nashville,7.7
2570,Steven Spielberg Presents: Tiny Toon Adventures,7.5
2571,Tiny Toon Adventures: How I Spent My Vacation,7.9
2572,Tiny Toon Adventures: Night Ghoulery,7.5
2573,Tiny Toons Spring Break Special,7.2
2574,Cold Case Files,7.9
2555,Dollhouse,7.7
2556,The Glades,7.4
2557,ER,7.9
2558,Breakout Kings,7.2
2559,Lie to Me,8.0
2575,Ghost Adventures,7.2
2576,The Dick Van Dyke Show,8.4
2577,Twin Peaks,8.8
2578,Gordon Ramsay's Ultimate Home Cooking,8.1
2579,Clarence,6.8
2580,Kitchen Nightmares,7.5
2581,Prime Suspect (UK),8.3
2582,Bunheads,7.6
2583,Steven Universe,8.2
2584,ESL: Defining Moments,
2590,Inside No. 9,8.5
2591,Midnight Sun,6.6
2592,The Mick,7.8
2593,The Unit,8.1
2594,Prison Break,8.3
2585,Legion of Brothers,6.1
2586,Malcolm in the Middle,8.2
2587,Revenge,7.8
2588,Below the Surface,7.3
2589,East Los High,6.9
2595,Sonic Boom,6.9
2596,Obey Giant,7.4
2597,The Exorcist,8.1
2598,ESL Bootcamp: Immortals,
2599,Akame ga Kill!,7.8
2605,Doozers en Español,
2606,Scandalize My Name,8.0
2607,Infinite Stratos,6.5
2608,The House,8.4
2609,Too Funny to Fail: The Life & Death of The Dana Carvey Show,7.7
2600,Maid-sama,7.9
2601,ESL: Replay,
2602,Man Seeking Woman,7.8
2603,Rosewood,6.7
2604,Son of Zorn,6.8
2610,Freakish,6.2
2611,Haunted Screens,
2612,Futurama,8.5
2613,Terrific Trucks,6.2
2614,"I Love You, America With Sarah Silverman",6.3
2620,Fugget About It,6.9
2621,Doc Martin,8.4
2622,Family Matters,6.6
2623,Peep Show,8.7
2624,Leah Remini: Scientology and the Aftermath,8.9
2630,Top of the Lake,7.4
2631,(Dub) Afro Samurai Resurrection,7.1
2632,(Dub) Dragon Age: Dawn of the Seeker,5.7
2633,(Dub) Mass Effect: Paragon Lost,5.8
2634,(Sub) Fafner: Heaven and Earth,6.8
2615,Chance,7.6
2616,Black Clover,8.2
2617,"Rica, Famosa, Latina",6.4
2618,The Last Man on Earth,7.4
2619,30 Rock,8.3
2625,Bones,7.8
2626,The Carmichael Show,7.7
2627,Will & Grace (1998),7.4
2628,NASA X,6.5
2629,The Mindy Project,7.5
2635,(Sub) Fairy Tail the Movie: Phoenix Priestess,7.0
2636,(Sub) Trigun: Badlands Rumble,7.4
2637,Aesthetica of a Rogue Hero,6.9
2638,Afro Samurai,7.6
2639,Aquarion,6.8
2640,Aquarion EVOL,6.8
2641,Aria: The Scarlet Ammo,
2642,Baka and Test: Summon the Beasts,7.1
2643,Basilisk,7.8
2644,Black Lagoon,7.9
2645,Brothers Conflict,5.8
2646,Code: Breaker,6.7
2647,Corpse Princess,6.9
2648,D-Frag!,7.2
2649,Dragonar Academy,6.6
2650,Dragonaut: The Resonance,6.2
2651,Eden of the East,
2652,FLCL,8.1
2653,Full Metal Panic!,7.6
2654,Full Metal Panic! The Second Raid,6.7
2655,Full Metal Panic? Fumoffu,7.6
2656,Garo The Animation,6.6
2657,Gun X Sword,7.1
2658,Gungrave,7.9
2659,Haganai,7.0
2660,Hellsing,8.2
2661,Hellsing Ultimate,8.2
2662,Hetalia: Axis Powers,7.2
2663,Is This a Zombie?,6.9
2664,Jormungand,7.4
2670,Maken-Ki! Battling Venus,5.9
2671,Mushi-shi,8.5
2672,Nabari no Ou,6.5
2673,Negima!? Magister Negi Magi,6.2
2674,Nobunagun,6.6
2665,Kaleido Star,7.8
2666,Kaze no Stigma,7.1
2667,Kingdom (2012),8.6
2668,Last Exile,7.8
2669,Lord Marksman and Vanadis,6.9
2675,Samurai 7,8.6
2676,Soul Eater Not!,5.6
2677,Space Dandy,8.1
2678,Steins;Gate,8.8
2679,The Devil is a Part-Timer!,7.5
2680,The Sacred Blacksmith,6.5
2681,Tokyo Majin,6.2
2682,Total Divas,6.5
2683,Tower of Druaga: The Aegis of Uruk,6.6
2684,Tower of Druaga: The Sword of Uruk,6.7
2685,Vandread,7.0
2686,Witchblade,6.4
2687,WWE Superstars,5.6
2688,XxxHolic,7.6
2689,How I Met Your Mother,8.3
2690,Looking,8.2
2691,Damien,6.8
2692,Hill Street Blues,8.2
2693,The Boonies,5.9
2694,Generation Kill,8.5
2695,Salem,7.1
2696,Regular Show,8.5
2697,The Driver,7.1
2698,We Bare Bears,7.9
2699,Difficult People,7.1
2700,Bad Company,5.6
2701,Hannie Caulder,6.3
2702,Brickleberry,7.3
2703,Graceland,7.6
2704,Raising Hope,8.1
2705,Bordertown,7.6
2706,The Cleveland Show,5.6
2707,Second Chance,7.4
2708,Touch,7.8
2709,A Man Alone,6.4
2710,Johnny Guitar,7.6
2711,Tall Stranger,6.3
2712,The Eagle and the Hawk,7.0
2713,The Furies,5.4
2714,Don't Trust the B---- in Apt 23,7.3
2715,Black-ish en Español,
2716,Dumb: The Story of Big Brother Magazine,7.4
2717,Bullwhip,5.2
2718,Sex&Drugs&Rock&Roll,7.1
2719,Becoming Bond,7.5
2725,The Hitchhiker's Guide to the Galaxy,6.7
2726,The Kennedys (2015),7.2
2727,Wayward Pines,7.3
2728,John Ford Goes To War,6.3
2729,Boruto: Naruto Next Generations,6.4
2720,Underground,8.0
2721,America's Next Top Model,5.7
2722,Batman & Bill,7.9
2723,DCI Banks,7.7
2724,Prey,7.1
2730,The Shield,8.7
2731,Dimension 404,6.5
2732,Pony Express,5.8
2733,Shots Fired,6.7
2734,Guilty Crown,7.0
2735,Psycho-Pass,8.1
2736,Seraph of the End: Vampire Reign,7.4
2737,Snow White With the Red Hair,7.6
2738,(Dub) Akira,8.0
2739,(Sub) Akira,8.0
2740,A Certain Magical Index,
2741,Cowboy Bebop,8.9
2742,D. Gray-man HALLOW,7.4
2743,Overlord,6.6
2744,Spice and Wolf,7.8
2745,Tenchi Muyo! War on Geminar,7.0
2746,The Future Diary,7.5
2747,The Heroic Legend of Arslan,7.5
2748,The Wallflower,7.9
2749,Tokyo ESP,6.4
2750,Tokyo Ravens,7.2
2751,Trigun,8.2
2752,World Break: Aria of Curse for a Holy Swordsman,6.8
2753,Yona of the Dawn,8.0
2754,Yu Yu Hakusho,7.2
2755,National Treasure,6.9
2756,Mobile Suit Gundam 00,7.5
2757,Mobile Suit Gundam SEED Remaster,7.0
2758,Mobile Suit Gundam The 08th MS Team,
2759,Mobile Suit Gundam The Origin,7.6
2760,Mobile Suit Gundam Wing,7.8
2761,The Golden Girls,8.2
2762,Devious Maids,7.8
2763,24 Legacy,6.3
2764,Murder in the First,7.3
2765,Workaholics,8.1
2766,Wasted,7.3
2767,Blue Exorcist Kyoto Saga,7.3
2768,JoJo’s Bizarre Adventure,8.5
2769,Terraformars,6.4
2770,Please Like Me,8.5
2771,Sleepy Hollow,7.3
2772,Chowder,7.4
2773,Children of the Corn,5.6
2774,Barbarians Rising,7.7
2775,Hunt for the Wilderpeople,7.8
2776,Desperate Housewives,7.6
2777,Horace and Pete,8.5
2778,The Powerpuff Girls (Classic),7.3
2779,Scott & Bailey,8.0
2780,Feed the Beast,6.7
2781,Food Wars!,8.1
2782,Mobile Suit Gundam: Iron-Blooded Orphans,7.9
2783,Hello World,6.7
2784,Smallville,7.5
2785,The Beatles: Eight Days a Week - The Touring Years,7.8
2786,The Aliens,8.4
2787,Blue Bloods en Español,
2788,Community,8.5
2789,Elementary en Español,
2795,Banished,7.4
2796,Hunter x Hunter,9.0
2797,Rosaline,6.5
2798,The Musketeers,7.8
2799,Atlantis,8.1
2790,The Amazing Race,7.8
2791,Undercover Boss,5.8
2792,Silk,8.0
2793,My Strange Addiction,5.7
2794,Married,8.1
2800,Pride and Prejudice,7.8
2801,Bakuman,8.0
2802,Being Erica,7.7
2803,Dead Boss,6.4
2804,Epitafios,7.8
2805,In the Flesh,7.9
2806,Jane Eyre (2006),8.3
2807,The Mighty Boosh,8.4
2808,Uncle,7.1
2809,Fear Factor,5.7
2810,Deadbeat,7.3
2811,My Mad Fat Diary,8.4
2812,Descendants of the Sun,7.8
2813,Sailor Moon Crystal,7.8
2814,Curious George,6.5
2815,Jorge el Curioso,6.5
2816,Bob Ross - The Joy of Painting,9.3
2817,Naruto Shippuden,8.7
2818,Dawson's Creek,6.8
2819,11.22.63,8.1
2820,Hunderby,7.3
2821,Mr. Bean,8.6
2822,Dragon Ball GT,6.8
2823,Project Greenlight,7.3
2824,Dagashi Kashi,6.1
2825,Undefeated Bahamut Chronicle,6.3
2826,Dimension W,6.8
2827,"Grimgar, Ashes and Illusions",
2828,Saved by the Bell,7.1
2829,Saved by the Bell: Hawaiian Style,6.1
2830,Saved by the Bell: The College Years,6.3
2831,Saved by the Bell: Wedding in Las Vegas,6.2
2832,Divine Gate,4.9
2833,Special A,8.1
2834,Tears to Tiara,6.5
2835,Assassination Classroom,8.0
2836,Prince of Stride: Alternative,6.5
2837,El Perro y El Gato,8.7
2838,Happy Endings,7.8
2839,Rosario + Vampire,6.8
2840,The Goldbergs en Español,
2841,Deutschland 83,8.0
2842,Sailor Moon,7.7
2843,The Millionaire Matchmaker,4.6
2844,Heroes Cotidianos,7.0
2845,RocketJump: The Show,7.1
2846,Oh My Venus,7.7
2847,Rugrats,7.4
2848,The Guardian,7.4
2849,The Lucy Show,7.2
2850,Noragami,7.8
2851,Shomin Sample,6.4
2852,Dance With Devils,5.7
2853,Attack on Titan: Junior High,7.1
2854,Chivalry of a Failed Knight,7.2
2860,(Sub) K MISSING KINGS,6.8
2861,The Awesomes,7.2
2862,ItaKiss,7.3
2863,The Hotwives of Las Vegas,6.8
2864,Monster Musume: Everyday Life With Monster Girls,6.6
2865,Ushio & Tora,7.6
2866,Gate,8.8
2867,Junjo Romantica,7.7
2868,Sky Wizards Academy,6.4
2869,The Awesomes en Español,
2855,Heavy Object,6.4
2856,Drake & Josh,7.7
2857,Jersey Shore,3.9
2858,Key & Peele,8.3
2859,K,7.8
2870,Chaos Dragon,4.5
2871,Intruders,5.7
2872,Shimoneta: A Boring World Where the Concept of Dirty Jokes Doesn't Exist,7.0
2873,Prison School,7.5
2874,NASA Television Documentaries,
2875,GANGSTA.,7.2
2876,HAPPYish,7.2
2877,The Borgias,7.9
2878,The Green Room With Paul Provenza,8.4
2879,The Colony,5.4
2880,Over the Garden Wall,8.8
2881,Whose Line Is It Anyway? (UK),8.4
2882,The Bravest Knight Who Ever Lived,8.4
2883,Ben 10: Omniverse,6.4
2884,Moone Boy,8.1
2885,My Love Story!!,7.8
2886,Ben 10 (2005),7.5
2887,Ben 10: Secret of the Omnitrix,7.3
2888,Foster's Home for Imaginary Friends,7.6
2889,Sons of Anarchy,8.6
2900,The Marvelous Misadventures of Flapjack,7.8
2901,.hack//Roots,6.0
2902,Stone Quackers,6.7
2903,Death Parade,7.8
2904,Kamisama Kiss,8.1
2895,Parasyte: The Maxim,8.3
2896,Absolute Duo,6.3
2897,Behind the Mask,6.7
2898,The Other Man,5.4
2899,The Resident,7.8
2890,Blood Blockade Battlefront,7.2
2891,Major Lazer,7.6
2892,High School DxD,7.5
2893,CSI: Crime Scene Investigation,7.7
2894,CSI: Crime Scene Investigation (Español),7.7
2905,Cake Boss,6.6
2906,Girls Just Want to Have Fun,6.0
2907,Ron White: A Little Unprofessional,7.4
2908,The Wrong Mans,7.7
2909,Stargate Atlantis,8.1
2920,.hack//SIGN,6.8
2921,David Copperfield,7.6
2922,Terror in Resonance,7.8
2923,Offspring,8.3
2924,Quick Draw,7.6
2910,Stargate Universe,7.6
2911,Body of Proof,7.1
2912,Cold Squad,6.9
2913,Date A Live,6.9
2914,Death Note,8.9
2940,The Odd Couple,7.9
2941,A Boy Named Charlie Brown,7.3
2942,A Very Brady Christmas,5.9
2943,Dr. Seuss: Dr. Seuss on the Loose,7.6
2944,Dr. Seuss: The Cat in the Hat,
2945,Sabrina Down Under,5.8
2946,Snoopy Come Home,7.4
2947,Dr. Seuss: The Lorax,6.1
2948,Ghost Whisperer,6.5
2949,Gargantia on the Verdurous Planet,7.3
2955,Getting On,7.8
2956,Garfunkel And Oates,7.5
2957,Sense and Sensibility (2008),8.0
2958,(Sub) Ninja Scroll,7.8
2959,Packed to the Rafters,7.5
2950,Bleach,8.2
2951,All Saints (1998),7.1
2952,Hello Ladies,7.4
2953,One Piece,9.0
2954,The Secret of Crickley Hall,6.8
2970,Daisy of Love,4.6
2971,Rock of Love,4.8
2972,Coppelion,6.1
2973,Absolutely Fabulous,8.2
2974,Blackadder,8.0
2965,Ergo Proxy,7.9
2966,Mother Up,5.4
2967,Misfits,8.2
2968,Fate / Stay Night,7.2
2969,Diabolik Lovers,4.9
2960,Daniel Deronda,7.2
2961,Oliver Twist (2007),7.3
2962,Paradox,4.0
2963,Dragon Ball,8.8
2964,Saiyuki,8.4
2975,High School USA!,5.5
2976,Bedlam,6.4
2977,Bleak House,8.3
2978,Lark Rise to Candleford,8.2
2979,New Tricks,7.9
2990,City Homicide,7.5
2991,I Love Lucy,8.5
2992,McLeod's Daughters,7.3
2980,Upstairs Downstairs,8.4
2981,Whitechapel,7.8
2982,(Sub) Legend of Heroes: Trails in the Sky,6.7
2983,Clannad,8.2
2984,Elfen Lied,7.9
2985,Danganronpa: The Animation,6.8
2986,Blood Lad,7.0
2987,Sonic X,6.3
2988,Uta no Prince Sama,6.4
2989,Shameless (UK),8.5
1269,City So Real,7.7
2915,Inuyasha - The Final Act,8.4
2916,Naruto,8.4
2917,Rage of Bahamut: Genesis,
2918,Buddy Complex,7.0
1039,Trafficked with Mariana van Zeller,8.4
1265,Wetlands,5.8
1266,Attaway General,1.0
1267,Chicken Girls,5.3
1268,Citizen Bio,6.0
2919,With All Due Respect,8.2
2925,K-On!,7.8
2926,The Hotwives of Orlando,7.5
2927,Melrose Place,6.0
2928,7th Heaven,5.3
2929,Flashpoint,7.8
2930,The Brady Bunch,6.8
2931,Wings,7.3
2932,Yu-Gi-Oh! ZEXAL,5.4
2933,No Game No Life,7.6
2934,Ranma 1/2,
2935,Australia's Next Top Model,6.2
2936,Beverly Hills 90210,6.5
2937,Cheers,8.0
2938,Everybody Hates Chris,7.5
2939,Taxi,8.2
2993,Amy Winehouse: A Final Goodbye,6.1
2994,"Say ""I Love You""",
2995,Blood-C,6.2
2996,To Love Ru,6.4
3072,Tokyo Magnitude 8.0,7.8
1035,No Escape,6.7
1036,Coronation Street,5.6
1037,Endlings,5.3
1038,The Secrets We Keep,5.9
2997,Guyver: The Bioboosted Armor,
2998,Shakugan no Shana,7.0
2999,The Thick of It,8.7
3000,Up to Speed,6.5
3001,Naruto Spin-Off: Rock Lee & His Ninja Pals,7.1
3007,Blue Dragon Uncut,
3008,Nura: Rise of the Yokai Clan,7.4
3009,Ouran High School Host Club,7.4
3010,Toriko,7.2
3011,Tiger & Bunny,7.2
3002,Accel World,7.0
3003,A Day in the Life,5.1
3004,CSI: Miami,6.5
3005,Battleground,7.4
3006,Reborn!,2.5
3012,Air Gear,7.0
3013,Samurai Champloo,8.5
3014,Shuffle,6.9
3015,Slayers,3.3
3016,Yu-Gi-Oh!,7.3
3017,Big Windup,7.6
3018,Black Cat,7.7
3019,Vampire Knight,7.2
3020,Kenichi,8.1
3021,School Rumble,7.8
3022,High School of the Dead,7.2
3023,Flavor of Love,4.7
3024,Chrome Shelled Regios,6.9
3025,Yu-Gi-Oh! GX,6.8
3026,Yu-Gi-Oh! 5D's,6.9
3027,NASA 360,
3028,Coupling,8.6
3029,Claymore,8.0
3030,Initial D,8.5
3031,Fruits Basket,8.6
3032,D.Gray-man,7.7
3033,Desert Punk,7.2
3034,The Office (U.K.),8.5
3035,Buso Renkin,6.8
3036,The Prince of Tennis,6.1
3037,Devil May Cry,
3038,Soul Eater,7.8
3039,Inuyasha,7.9
3040,Heroic Age,7.0
3041,Black Blood Brothers,6.8
3042,"Doogie Howser, M.D.",6.5
3043,Lost in Space,7.3
3044,Hikaru no Go,8.5
3045,Angel,7.9
3046,Arrested Development,8.7
3047,Black Butler: Book of Circus,8.1
3048,Blade Dance of the Elementalers,6.5
3049,Boys Before Flowers,7.2
3050,Buffy the Vampire Slayer,8.3
3051,Doctora Juguetes,6.5
3052,Firefly,8.9
3053,Frasier,8.2
3054,Hey Arnold!,7.6
3055,Horrible Histories (UK),8.7
3056,Kimi Ni Todoke: From Me to You,6.9
3057,Medium,7.1
3058,Numb3rs,6.9
3059,Primeval,7.2
3060,Reba,6.7
3061,Roswell,7.5
3062,Sabrina: The Teenage Witch,6.7
3063,Samurai Harem,5.9
3064,Scream Queens,7.1
3065,Star Trek: Deep Space Nine,8.1
3066,Star Trek: Enterprise,7.6
3067,Star Trek: The Next Generation,8.7
3068,Star Trek: The Original Series,8.4
3069,Star Trek: Voyager,7.9
3070,The Fades,7.6
3071,The Twilight Zone,9.1
